type,technology_type,technology_name_fr,technology_name_pypsa,technology_name_times,parameter,year,year_currency,value,units,source,description_complementaire,note_complementaire,data_origin_choice,pypsa_wal_value,pypsa_wal_location
flexibility,,,,,,,,,,,,,PyPSA,,
CO2_constraint,,% d'émission tolérées vs 1990,,,emission_ratio,2030,,64.8,%,,,Trajectoire globale de contrainte CO₂ au niveau du réseau (hors aviation internationale & UTCATF),Revue de littérature,45,"config/config.walloon.yaml: budget_national -> 2030: BEWAL (fraction of 1990, per region)"
CO2_constraint,,% d'émission tolérées vs 1990,,,emission_ratio,2040,,45.0,%,,,Trajectoire globale de contrainte CO₂ au niveau du réseau (hors aviation internationale & UTCATF),Revue de littérature,25,"config/config.walloon.yaml: budget_national -> 2040: BEWAL (fraction of 1990, per region)"
CO2_constraint,,% d'émission tolérées vs 1990,,,emission_ratio,2050,,5.0,%,,,Trajectoire globale de contrainte CO₂ au niveau du réseau (hors aviation internationale & UTCATF),Revue de littérature,5,"config/config.walloon.yaml: budget_national -> 2050: BEWAL (fraction of 1990, per region)"
demand_driver,Transport,Aviation,,,,,,,PJ,BFP et STATBEL,Basé sur l'évolution de la population,,TIMES,,not a pypsa-wal input: activity drivers stay inside TIMES; pypsa-wal receives the resulting final-energy demands through the soft-link (resources/<run>/wallon_demands_<year>.csv)
CO2_constrain,,Capacité de stockage du CO₂,CO2 storage capacitiy,,,,,,,,,,PyPSA,20,config/config.walloon.yaml: sector: co2_sequestration_potential -> 2030 (MtCO2/a)
local_RES_potential,,Capacité maximale d'agri -PV (Wallonie),Max solar PV (Wallonia) - Agri,,potential_wal,,,13000.0,MW,"Cluster TWEED, Livre blanc de l'agrivoltaïsme (2025), Energie Commune, Renouvelle (2025)",Somme du potentiel des friches industrielles et de l'agrivoltaïsme,,Revue de littérature,13000,"data/walloon/custom_potentials.csv -> BEWAL/solar/p_nom_max/2030, applied by scripts/walloon_scripts/BEWAL_potentials.py (electricity: walloon_potentials)"
local_RES_potential,,Capacité maximale d'éolien offshore (Belgique),Max offwind capacity allowed (Belgium),,,,,,,,,,PyPSA,,"left unconstrained: data/agg_p_nom_minmax.csv holds no max for BE or the EU countries (only DE minima), so the cap is the land-eligibility p_nom_max from build_renewable_profiles"
local_RES_potential,,Capacité maximale d'éolien offshore (Europe),Max offwind capacity allowed (Europe),,,,,,,,,,PyPSA,,"left unconstrained: data/agg_p_nom_minmax.csv holds no max for BE or the EU countries (only DE minima), so the cap is the land-eligibility p_nom_max from build_renewable_profiles"
local_RES_potential,,Capacité maximale d'éolien onshore (Belgique),Max onwind capacity allowed (Belgium),,,,,,,,,,PyPSA,,"left unconstrained: data/agg_p_nom_minmax.csv holds no max for BE or the EU countries (only DE minima), so the cap is the land-eligibility p_nom_max from build_renewable_profiles"
local_RES_potential,,Capacité maximale d'éolien onshore (Europe),Max onwind capacity allowed (Europe),,,,,,,,,,PyPSA,,"left unconstrained: data/agg_p_nom_minmax.csv holds no max for BE or the EU countries (only DE minima), so the cap is the land-eligibility p_nom_max from build_renewable_profiles"
local_RES_potential,,Capacité maximale d'éolien onshore (Wallonia),Max onwind capacity allowed (Wallonia),,potential_wal,,,6500.0,MW,PNEC Wallon et EDORA,"• Potentiel technique, calculé comme la somme de ce qui est plausible d'atteindre en 2030 comme capacité et des projets à l'étude
• Les statistiques d'installation (fin 2024) indique que la Wallonie est sur la bonne trajectoire pour atteindre son objectif de production de 6200 GWh étoliens onshore annuels (PNEC wallon - scénario WAM)
• Ces 6200 GWh sont traduits en 2700 MW de puissance installée.
• Potentiel éolien additionnel estimé à 3,8 GW à l’horizon 2050, sur base des projets en étude d’incidences (source : EDORA). Valeur intégrant les contraintes actuelles, les effets de repowering et l’évolution vers des turbines plus puissantes.",,Revue de littérature,6500,"data/walloon/custom_potentials.csv -> BEWAL/onwind/p_nom_max/2030, applied by scripts/walloon_scripts/BEWAL_potentials.py (electricity: walloon_potentials)"
local_RES_potential,,Capacité maximale de PV (Belgique),Max solar PV capacity allowed (Belgium),,,,,,,,,,PyPSA,,"left unconstrained: data/agg_p_nom_minmax.csv holds no max for BE or the EU countries (only DE minima), so the cap is the land-eligibility p_nom_max from build_renewable_profiles"
local_RES_potential,,Capacité maximale de PV (Europe),Max solar PV capacity allowed (Europe),,,,,,,,,,PyPSA,,"left unconstrained: data/agg_p_nom_minmax.csv holds no max for BE or the EU countries (only DE minima), so the cap is the land-eligibility p_nom_max from build_renewable_profiles"
local_RES_potential,,Capacité maximale de PV (Wallonie),Max solar PV capacity allowed (Wallonia),,potential_wal,,,46000.0,MW,"Energie Commune, Cartographie solaire de la Région Wallonne (2024)",Somme du potentiel des installations en toiture de bâtiments et d'ombrières de parking,,Revue de littérature,46000,"data/walloon/custom_potentials.csv -> BEWAL/solar rooftop/p_nom_max/2030, applied by scripts/walloon_scripts/BEWAL_potentials.py (electricity: walloon_potentials)"
technology,Flexibility,Capacité moyenne de batterie d'un BEV,,,battery capacity,2030,,0.05,MWh,PyPSA-Eur (config par défaut),bev_energy — The average size of battery electric vehicles (BEV) in MWh,,PyPSA,0.05,config/config.default.yaml: sector: bev_energy
technology,Carbon Capture,Captage direct du CO₂ dans l'air,direct air capture,,FOM,2030,,4.95,%/year,Danish Energy Agency technology catalog,See Note B for a complete list of external references cited in DEA tech catalog,Assuming 50% capture of CO2 ppm,PyPSA,4.95,"resources/walloon-model/costs_2030_processed.csv -> 'direct air capture'.FOM, set by technology-data (upstream default)"
technology,Carbon Capture,Captage direct du CO₂ dans l'air,direct air capture,,FOM,2040,,4.95,%/year,Danish Energy Agency technology catalog,See Note B for a complete list of external references cited in DEA tech catalog,Assuming 50% capture of CO2 ppm,PyPSA,4.95,"resources/walloon-model/costs_2040_processed.csv -> 'direct air capture'.FOM, set by technology-data (upstream default)"
technology,Carbon Capture,Captage direct du CO₂ dans l'air,direct air capture,,FOM,2050,,4.95,%/year,Danish Energy Agency technology catalog,See Note B for a complete list of external references cited in DEA tech catalog,Assuming 50% capture of CO2 ppm,PyPSA,4.95,"resources/walloon-model/costs_2050_processed.csv -> 'direct air capture'.FOM, set by technology-data (upstream default)"
technology,Carbon Capture,Captage direct du CO₂ dans l'air,direct air capture,,investment,2030,,6000000.0,EUR/(tCO2/h),Danish Energy Agency technology catalog,See Note B for a complete list of external references cited in DEA tech catalog,Assuming 50% capture of CO2 ppm,PyPSA,7.54401e+06,"resources/walloon-model/costs_2030_processed.csv -> 'direct air capture'.investment, set by technology-data (upstream default), EUR2020 basis"
technology,Carbon Capture,Captage direct du CO₂ dans l'air,direct air capture,,investment,2040,,5000000.0,EUR/(tCO2/h),Danish Energy Agency technology catalog,See Note B for a complete list of external references cited in DEA tech catalog,Assuming 50% capture of CO2 ppm,PyPSA,6.28667e+06,"resources/walloon-model/costs_2040_processed.csv -> 'direct air capture'.investment, set by technology-data (upstream default), EUR2020 basis"
technology,Carbon Capture,Captage direct du CO₂ dans l'air,direct air capture,,investment,2050,,4000000.0,EUR/(tCO2/h),Danish Energy Agency technology catalog,See Note B for a complete list of external references cited in DEA tech catalog,Assuming 50% capture of CO2 ppm,PyPSA,5.02934e+06,"resources/walloon-model/costs_2050_processed.csv -> 'direct air capture'.investment, set by technology-data (upstream default), EUR2020 basis"
technology,Carbon Capture,Captage direct du CO₂ dans l'air,direct air capture,,lifetime,2030,,20.0,year,Danish Energy Agency technology catalog,See Note B for a complete list of external references cited in DEA tech catalog,Assuming 50% capture of CO2 ppm,PyPSA,30,"resources/walloon-model/costs_2030_processed.csv -> 'direct air capture'.lifetime, set by data/walloon/custom_costs_rc.csv"
technology,Carbon Capture,Captage direct du CO₂ dans l'air,direct air capture,,lifetime,2040,,20.0,year,Danish Energy Agency technology catalog,See Note B for a complete list of external references cited in DEA tech catalog,Assuming 50% capture of CO2 ppm,PyPSA,30,"resources/walloon-model/costs_2040_processed.csv -> 'direct air capture'.lifetime, set by data/walloon/custom_costs_rc.csv"
technology,Carbon Capture,Captage direct du CO₂ dans l'air,direct air capture,,lifetime,2050,,20.0,year,Danish Energy Agency technology catalog,See Note B for a complete list of external references cited in DEA tech catalog,Assuming 50% capture of CO2 ppm,PyPSA,30,"resources/walloon-model/costs_2050_processed.csv -> 'direct air capture'.lifetime, set by data/walloon/custom_costs_rc.csv"
technology,Electricity production,Centrale à cycle combiné (gaz),CCGT,ETSTP_CCGT_GAS_N,FOM,2030,,3.3494,%/year,Danish Energy Agency technology catalog,Using parameters from various manufacturers (including Seimens) and reports from the Danish Gas Technology Centre.,Assuming steam extraction process,PyPSA,3.3494,"resources/walloon-model/costs_2030_processed.csv -> 'CCGT'.FOM, set by technology-data (upstream default)"
technology,Electricity production,Centrale à cycle combiné (gaz),CCGT,ETSTP_CCGT_GAS_N,FOM,2040,,3.3006,%/year,Danish Energy Agency technology catalog,Using parameters from various manufacturers (including Seimens) and reports from the Danish Gas Technology Centre.,Assuming steam extraction process,PyPSA,3.3006,"resources/walloon-model/costs_2040_processed.csv -> 'CCGT'.FOM, set by technology-data (upstream default)"
technology,Electricity production,Centrale à cycle combiné (gaz),CCGT,ETSTP_CCGT_GAS_N,FOM,2050,,3.25,%/year,Danish Energy Agency technology catalog,Using parameters from various manufacturers (including Seimens) and reports from the Danish Gas Technology Centre.,Assuming steam extraction process,PyPSA,3.25,"resources/walloon-model/costs_2050_processed.csv -> 'CCGT'.FOM, set by technology-data (upstream default)"
technology,Electricity production,Centrale à cycle combiné (gaz),CCGT,ETSTP_CCGT_GAS_N,VOM,2030,,4.4445,EUR/MWh_e,Danish Energy Agency technology catalog,Using parameters from various manufacturers (including Seimens) and reports from the Danish Gas Technology Centre.,Assuming steam extraction process,PyPSA,5.6104,"resources/walloon-model/costs_2030_processed.csv -> 'CCGT'.VOM, set by technology-data (upstream default), EUR2015 basis"
technology,Electricity production,Centrale à cycle combiné (gaz),CCGT,ETSTP_CCGT_GAS_N,VOM,2040,,4.3387,EUR/MWh_e,Danish Energy Agency technology catalog,Using parameters from various manufacturers (including Seimens) and reports from the Danish Gas Technology Centre.,Assuming steam extraction process,PyPSA,5.4768,"resources/walloon-model/costs_2040_processed.csv -> 'CCGT'.VOM, set by technology-data (upstream default), EUR2015 basis"
technology,Electricity production,Centrale à cycle combiné (gaz),CCGT,ETSTP_CCGT_GAS_N,VOM,2050,,4.2329,EUR/MWh_e,Danish Energy Agency technology catalog,Using parameters from various manufacturers (including Seimens) and reports from the Danish Gas Technology Centre.,Assuming steam extraction process,PyPSA,5.3432,"resources/walloon-model/costs_2050_processed.csv -> 'CCGT'.VOM, set by technology-data (upstream default), EUR2015 basis"
technology,Electricity production,Centrale à cycle combiné (gaz),CCGT,ETSTP_CCGT_GAS_N,efficiency,2030,,0.58,,Danish Energy Agency technology catalog,Using parameters from various manufacturers (including Seimens) and reports from the Danish Gas Technology Centre.,Assuming steam extraction process,PyPSA,0.58,"resources/walloon-model/costs_2030_processed.csv -> 'CCGT'.efficiency, set by technology-data (upstream default)"
technology,Electricity production,Centrale à cycle combiné (gaz),CCGT,ETSTP_CCGT_GAS_N,efficiency,2040,,0.59,,Danish Energy Agency technology catalog,Using parameters from various manufacturers (including Seimens) and reports from the Danish Gas Technology Centre.,Assuming steam extraction process,PyPSA,0.59,"resources/walloon-model/costs_2040_processed.csv -> 'CCGT'.efficiency, set by technology-data (upstream default)"
technology,Electricity production,Centrale à cycle combiné (gaz),CCGT,ETSTP_CCGT_GAS_N,efficiency,2050,,0.6,,Danish Energy Agency technology catalog,Using parameters from various manufacturers (including Seimens) and reports from the Danish Gas Technology Centre.,Assuming steam extraction process,PyPSA,0.6,"resources/walloon-model/costs_2050_processed.csv -> 'CCGT'.efficiency, set by technology-data (upstream default)"
technology,Electricity production,Centrale à cycle combiné (gaz),CCGT,ETSTP_CCGT_GAS_N,investment,2030,,878.324,EUR/kW_e,Danish Energy Agency technology catalog,Using parameters from various manufacturers (including Seimens) and reports from the Danish Gas Technology Centre.,Assuming steam extraction process,PyPSA,1108.72,"resources/walloon-model/costs_2030_processed.csv -> 'CCGT'.investment, set by technology-data (upstream default), EUR2015 basis"
technology,Electricity production,Centrale à cycle combiné (gaz),CCGT,ETSTP_CCGT_GAS_N,investment,2040,,862.4506,EUR/kW_e,Danish Energy Agency technology catalog,Using parameters from various manufacturers (including Seimens) and reports from the Danish Gas Technology Centre.,Assuming steam extraction process,PyPSA,1088.68,"resources/walloon-model/costs_2040_processed.csv -> 'CCGT'.investment, set by technology-data (upstream default), EUR2015 basis"
technology,Electricity production,Centrale à cycle combiné (gaz),CCGT,ETSTP_CCGT_GAS_N,investment,2050,,846.5773,EUR/kW_e,Danish Energy Agency technology catalog,Using parameters from various manufacturers (including Seimens) and reports from the Danish Gas Technology Centre.,Assuming steam extraction process,PyPSA,1068.64,"resources/walloon-model/costs_2050_processed.csv -> 'CCGT'.investment, set by technology-data (upstream default), EUR2015 basis"
technology,Electricity production,Centrale à cycle combiné (gaz),CCGT,ETSTP_CCGT_GAS_N,lifetime,2030,,25.0,year,Danish Energy Agency technology catalog,Using parameters from various manufacturers (including Seimens) and reports from the Danish Gas Technology Centre.,Assuming steam extraction process,PyPSA,30,"resources/walloon-model/costs_2030_processed.csv -> 'CCGT'.lifetime, set by data/walloon/custom_costs_rc.csv"
technology,Electricity production,Centrale à cycle combiné (gaz),CCGT,ETSTP_CCGT_GAS_N,lifetime,2040,,25.0,year,Danish Energy Agency technology catalog,Using parameters from various manufacturers (including Seimens) and reports from the Danish Gas Technology Centre.,Assuming steam extraction process,PyPSA,30,"resources/walloon-model/costs_2040_processed.csv -> 'CCGT'.lifetime, set by data/walloon/custom_costs_rc.csv"
technology,Electricity production,Centrale à cycle combiné (gaz),CCGT,ETSTP_CCGT_GAS_N,lifetime,2050,,25.0,year,Danish Energy Agency technology catalog,Using parameters from various manufacturers (including Seimens) and reports from the Danish Gas Technology Centre.,Assuming steam extraction process,PyPSA,30,"resources/walloon-model/costs_2050_processed.csv -> 'CCGT'.lifetime, set by data/walloon/custom_costs_rc.csv"
technology,Electricity production,Centrale à cycle combiné alimentée à l’hydrogène,CCGT hydrogen,,investment,2030,,,EUR/kW_e,,Same cost as CCGT assumed.,Assuming H2 powered turbine.,PyPSA,581.395,"resources/walloon-model/costs_2030_processed.csv -> 'OCGT'.investment, set by technology-data (upstream default) -- no H2 CCGT exists; H2 re-electrification is the 'H2 turbine' link on OCGT costs (prepare_sector_network.py:1873-1891), EUR2015 basis"
technology,Electricity production,Centrale à cycle combiné alimentée à l’hydrogène,CCGT hydrogen,,investment,2040,,,EUR/kW_e,,Same cost as CCGT assumed.,Assuming H2 powered turbine.,PyPSA,565.766,"resources/walloon-model/costs_2040_processed.csv -> 'OCGT'.investment, set by technology-data (upstream default) -- no H2 CCGT exists; H2 re-electrification is the 'H2 turbine' link on OCGT costs (prepare_sector_network.py:1873-1891), EUR2015 basis"
technology,Electricity production,Centrale à cycle combiné alimentée à l’hydrogène,CCGT hydrogen,,investment,2050,,,EUR/kW_e,,Same cost as CCGT assumed.,Assuming H2 powered turbine.,PyPSA,550.137,"resources/walloon-model/costs_2050_processed.csv -> 'OCGT'.investment, set by technology-data (upstream default) -- no H2 CCGT exists; H2 re-electrification is the 'H2 turbine' link on OCGT costs (prepare_sector_network.py:1873-1891), EUR2015 basis"
technology,Electricity production,Centrale à cycle combiné avec captage et stockage de CO₂,,,investment,2030,,,EUR/kW_e,,PyPSA does not currently consider CCS as an integrated capability of a GT technology,Assuming integrated carbon capture and storage,PyPSA,,"not represented: sector: allam_cycle_gas and sector: methanol: methanol_to_power: allam are false in config/config.default.yaml and not switched on in config/config.walloon.yaml, so no gas power plant with capture is built"
technology,Electricity production,Centrale à cycle combiné avec captage et stockage de CO₂,,,investment,2040,,,EUR/kW_e,,PyPSA does not currently consider CCS as an integrated capability of a GT technology,Assuming integrated carbon capture and storage,PyPSA,,"not represented: sector: allam_cycle_gas and sector: methanol: methanol_to_power: allam are false in config/config.default.yaml and not switched on in config/config.walloon.yaml, so no gas power plant with capture is built"
technology,Electricity production,Centrale à cycle combiné avec captage et stockage de CO₂,,,investment,2050,,,EUR/kW_e,,PyPSA does not currently consider CCS as an integrated capability of a GT technology,Assuming integrated carbon capture and storage,PyPSA,,"not represented: sector: allam_cycle_gas and sector: methanol: methanol_to_power: allam are false in config/config.default.yaml and not switched on in config/config.walloon.yaml, so no gas power plant with capture is built"
technology,Electricity production,Centrale à cycle ouvert (turbine à gaz),OCGT,ETSTP_OCGT-A_GAS_N,FOM,2030,,1.7795,%/year,Danish Energy Agency technology catalog,"Assumed a reduction of 4% in 2030 and 8% in 2050, due to automation of the power plant control and improvement in the operation based on Energy Brainpool. Flexibility Needs and Options for Europe's Future Electricity System. September 2017.",,PyPSA,1.7795,"resources/walloon-model/costs_2030_processed.csv -> 'OCGT'.FOM, set by technology-data (upstream default)"
technology,Electricity production,Centrale à cycle ouvert (turbine à gaz),OCGT,ETSTP_OCGT-A_GAS_N,FOM,2040,,1.7906,%/year,Danish Energy Agency technology catalog,"Assumed a reduction of 4% in 2030 and 8% in 2050, due to automation of the power plant control and improvement in the operation based on Energy Brainpool. Flexibility Needs and Options for Europe's Future Electricity System. September 2017.",,PyPSA,1.7906,"resources/walloon-model/costs_2040_processed.csv -> 'OCGT'.FOM, set by technology-data (upstream default)"
technology,Electricity production,Centrale à cycle ouvert (turbine à gaz),OCGT,ETSTP_OCGT-A_GAS_N,FOM,2050,,1.8023,%/year,Danish Energy Agency technology catalog,"Assumed a reduction of 4% in 2030 and 8% in 2050, due to automation of the power plant control and improvement in the operation based on Energy Brainpool. Flexibility Needs and Options for Europe's Future Electricity System. September 2017.",,PyPSA,1.8023,"resources/walloon-model/costs_2050_processed.csv -> 'OCGT'.FOM, set by technology-data (upstream default)"
technology,Electricity production,Centrale à cycle ouvert (turbine à gaz),OCGT,ETSTP_OCGT-A_GAS_N,VOM,2030,,4.762,EUR/MWh_e,Danish Energy Agency technology catalog,"The uncertainty is estimated based on the cost span of a number of similar observed projects. It is assumed equal to ±20% in 2020 and it increases to ±30% in 2050. Based on M. Welch, T.Krol. Flexible Power Generation for Grid Support utilizing Aero-derivative Gas Turbine Technology. 2016, Energy Brainpool. Flexibility Needs and Options for Europe's Future Electricity System. September 2017. and Phone interview with Siemens Turbomachinery UK",,PyPSA,6.0111,"resources/walloon-model/costs_2030_processed.csv -> 'OCGT'.VOM, set by technology-data (upstream default), EUR2015 basis"
technology,Electricity production,Centrale à cycle ouvert (turbine à gaz),OCGT,ETSTP_OCGT-A_GAS_N,VOM,2040,,4.762,EUR/MWh_e,Danish Energy Agency technology catalog,"The uncertainty is estimated based on the cost span of a number of similar observed projects. It is assumed equal to ±20% in 2020 and it increases to ±30% in 2050. Based on M. Welch, T.Krol. Flexible Power Generation for Grid Support utilizing Aero-derivative Gas Turbine Technology. 2016, Energy Brainpool. Flexibility Needs and Options for Europe's Future Electricity System. September 2017. and Phone interview with Siemens Turbomachinery UK",,PyPSA,6.0111,"resources/walloon-model/costs_2040_processed.csv -> 'OCGT'.VOM, set by technology-data (upstream default), EUR2015 basis"
technology,Electricity production,Centrale à cycle ouvert (turbine à gaz),OCGT,ETSTP_OCGT-A_GAS_N,VOM,2050,,4.762,EUR/MWh_e,Danish Energy Agency technology catalog,"The uncertainty is estimated based on the cost span of a number of similar observed projects. It is assumed equal to ±20% in 2020 and it increases to ±30% in 2050. Based on M. Welch, T.Krol. Flexible Power Generation for Grid Support utilizing Aero-derivative Gas Turbine Technology. 2016, Energy Brainpool. Flexibility Needs and Options for Europe's Future Electricity System. September 2017. and Phone interview with Siemens Turbomachinery UK",,PyPSA,6.0111,"resources/walloon-model/costs_2050_processed.csv -> 'OCGT'.VOM, set by technology-data (upstream default), EUR2015 basis"
technology,Electricity production,Centrale à cycle ouvert (turbine à gaz),OCGT,ETSTP_OCGT-A_GAS_N,efficiency,2030,,0.42,-,Danish Energy Agency technology catalog,Based on the Simple Cycle Turbine in the main technology catalogue. No improvement assumed in the future,,PyPSA,0.41,"resources/walloon-model/costs_2030_processed.csv -> 'OCGT'.efficiency, set by technology-data (upstream default)"
technology,Electricity production,Centrale à cycle ouvert (turbine à gaz),OCGT,ETSTP_OCGT-A_GAS_N,efficiency,2040,,0.42,-,Danish Energy Agency technology catalog,Based on the Simple Cycle Turbine in the main technology catalogue. No improvement assumed in the future,,PyPSA,0.42,"resources/walloon-model/costs_2040_processed.csv -> 'OCGT'.efficiency, set by technology-data (upstream default)"
technology,Electricity production,Centrale à cycle ouvert (turbine à gaz),OCGT,ETSTP_OCGT-A_GAS_N,efficiency,2050,,0.43,-,Danish Energy Agency technology catalog,Based on the Simple Cycle Turbine in the main technology catalogue. No improvement assumed in the future,,PyPSA,0.43,"resources/walloon-model/costs_2050_processed.csv -> 'OCGT'.efficiency, set by technology-data (upstream default)"
technology,Electricity production,Centrale à cycle ouvert (turbine à gaz),OCGT,ETSTP_OCGT-A_GAS_N,investment,2030,,460.5804,EUR/kW_e,Danish Energy Agency technology catalog,"Development of cost follows the assumptions explained in the introduction. 10% learning rate and capacity development based on IEA ETP 2016. The specific investment cost can vary depending on a number of parameters, like size of turbine, electrical equipment and other characteristics. The specific investment in 2015 from several projects is in the range 0.400-0.570. The uncertainty is estimated based on the cost span of a number of similar observed projects. It is assumed equal to ±20% in 2020 and it increases to ±30% in 2050 based on Energy Brainpool. Flexibility Needs and Options for Europe's Future Electricity System. September 2017 and Phone interview with Siemens Turbomachinery UK",,PyPSA,581.395,"resources/walloon-model/costs_2030_processed.csv -> 'OCGT'.investment, set by technology-data (upstream default), EUR2015 basis"
technology,Electricity production,Centrale à cycle ouvert (turbine à gaz),OCGT,ETSTP_OCGT-A_GAS_N,investment,2040,,448.1992,EUR/kW_e,Danish Energy Agency technology catalog,"Development of cost follows the assumptions explained in the introduction. 10% learning rate and capacity development based on IEA ETP 2016. The specific investment cost can vary depending on a number of parameters, like size of turbine, electrical equipment and other characteristics. The specific investment in 2015 from several projects is in the range 0.400-0.570. The uncertainty is estimated based on the cost span of a number of similar observed projects. It is assumed equal to ±20% in 2020 and it increases to ±30% in 2050 based on Energy Brainpool. Flexibility Needs and Options for Europe's Future Electricity System. September 2017 and Phone interview with Siemens Turbomachinery UK",,PyPSA,565.766,"resources/walloon-model/costs_2040_processed.csv -> 'OCGT'.investment, set by technology-data (upstream default), EUR2015 basis"
technology,Electricity production,Centrale à cycle ouvert (turbine à gaz),OCGT,ETSTP_OCGT-A_GAS_N,investment,2050,,435.818,EUR/kW_e,Danish Energy Agency technology catalog,"Development of cost follows the assumptions explained in the introduction. 10% learning rate and capacity development based on IEA ETP 2016. The specific investment cost can vary depending on a number of parameters, like size of turbine, electrical equipment and other characteristics. The specific investment in 2015 from several projects is in the range 0.400-0.570. The uncertainty is estimated based on the cost span of a number of similar observed projects. It is assumed equal to ±20% in 2020 and it increases to ±30% in 2050 based on Energy Brainpool. Flexibility Needs and Options for Europe's Future Electricity System. September 2017 and Phone interview with Siemens Turbomachinery UK",,PyPSA,550.137,"resources/walloon-model/costs_2050_processed.csv -> 'OCGT'.investment, set by technology-data (upstream default), EUR2015 basis"
technology,Electricity production,Centrale à cycle ouvert (turbine à gaz),OCGT,ETSTP_OCGT-A_GAS_N,lifetime,2030,,25.0,year,Danish Energy Agency technology catalog,"Lifetime most likely >25years, given low utilization based on Main technology catalogue: Technology Data for Energy Plants - August 2016",,PyPSA,30,"resources/walloon-model/costs_2030_processed.csv -> 'OCGT'.lifetime, set by data/walloon/custom_costs_rc.csv"
technology,Electricity production,Centrale à cycle ouvert (turbine à gaz),OCGT,ETSTP_OCGT-A_GAS_N,lifetime,2040,,25.0,year,Danish Energy Agency technology catalog,"Lifetime most likely >25years, given low utilization based on Main technology catalogue: Technology Data for Energy Plants - August 2017",,PyPSA,30,"resources/walloon-model/costs_2040_processed.csv -> 'OCGT'.lifetime, set by data/walloon/custom_costs_rc.csv"
technology,Electricity production,Centrale à cycle ouvert (turbine à gaz),OCGT,ETSTP_OCGT-A_GAS_N,lifetime,2050,,25.0,year,Danish Energy Agency technology catalog,"Lifetime most likely >25years, given low utilization based on Main technology catalogue: Technology Data for Energy Plants - August 2018",,PyPSA,30,"resources/walloon-model/costs_2050_processed.csv -> 'OCGT'.lifetime, set by data/walloon/custom_costs_rc.csv"
technology,Electricity production,Centrale à cycle ouvert alimentée à l’hydrogène,OCGT hydrogen,,FOM,2030,,,%_investment/year,,Same parameters as OCGT,Assuming H2 fueled turbine,PyPSA,1.7795,"resources/walloon-model/costs_2030_processed.csv -> 'OCGT'.FOM, set by technology-data (upstream default) -- the 'H2 turbine' link reuses OCGT costs verbatim (prepare_sector_network.py:1873-1891)"
technology,Electricity production,Centrale à cycle ouvert alimentée à l’hydrogène,OCGT hydrogen,,FOM,2040,,,%_investment/year,,Same parameters as OCGT,Assuming H2 fueled turbine,PyPSA,1.7906,"resources/walloon-model/costs_2040_processed.csv -> 'OCGT'.FOM, set by technology-data (upstream default) -- the 'H2 turbine' link reuses OCGT costs verbatim (prepare_sector_network.py:1873-1891)"
technology,Electricity production,Centrale à cycle ouvert alimentée à l’hydrogène,OCGT hydrogen,,FOM,2050,,,%_investment/year,,Same parameters as OCGT,Assuming H2 fueled turbine,PyPSA,1.8023,"resources/walloon-model/costs_2050_processed.csv -> 'OCGT'.FOM, set by technology-data (upstream default) -- the 'H2 turbine' link reuses OCGT costs verbatim (prepare_sector_network.py:1873-1891)"
technology,Electricity production,Centrale à cycle ouvert alimentée à l’hydrogène,OCGT hydrogen,,investment,2030,,,EUR/kW_e,,Same parameters as OCGT,Assuming H2 fueled turbine,PyPSA,581.395,"resources/walloon-model/costs_2030_processed.csv -> 'OCGT'.investment, set by technology-data (upstream default) -- the 'H2 turbine' link reuses OCGT costs verbatim (prepare_sector_network.py:1873-1891), EUR2015 basis"
technology,Electricity production,Centrale à cycle ouvert alimentée à l’hydrogène,OCGT hydrogen,,investment,2040,,,EUR/kW_e,,Same parameters as OCGT,Assuming H2 fueled turbine,PyPSA,565.766,"resources/walloon-model/costs_2040_processed.csv -> 'OCGT'.investment, set by technology-data (upstream default) -- the 'H2 turbine' link reuses OCGT costs verbatim (prepare_sector_network.py:1873-1891), EUR2015 basis"
technology,Electricity production,Centrale à cycle ouvert alimentée à l’hydrogène,OCGT hydrogen,,investment,2050,,,EUR/kW_e,,Same parameters as OCGT,Assuming H2 fueled turbine,PyPSA,550.137,"resources/walloon-model/costs_2050_processed.csv -> 'OCGT'.investment, set by technology-data (upstream default) -- the 'H2 turbine' link reuses OCGT costs verbatim (prepare_sector_network.py:1873-1891), EUR2015 basis"
technology,Electricity production,Centrale à cycle ouvert avec captage et stockage de CO₂,,,investment,2030,,,EUR/kW_e,,PyPSA does not currently consider CCS as an integrated capability of a GT technology,Assuming integrated carbon capture and storage,PyPSA,,"not represented: sector: allam_cycle_gas and sector: methanol: methanol_to_power: allam are false in config/config.default.yaml and not switched on in config/config.walloon.yaml, so no gas power plant with capture is built"
technology,Electricity production,Centrale à cycle ouvert avec captage et stockage de CO₂,,,investment,2040,,,EUR/kW_e,,PyPSA does not currently consider CCS as an integrated capability of a GT technology,Assuming integrated carbon capture and storage,PyPSA,,"not represented: sector: allam_cycle_gas and sector: methanol: methanol_to_power: allam are false in config/config.default.yaml and not switched on in config/config.walloon.yaml, so no gas power plant with capture is built"
technology,Electricity production,Centrale à cycle ouvert avec captage et stockage de CO₂,,,investment,2050,,,EUR/kW_e,,PyPSA does not currently consider CCS as an integrated capability of a GT technology,Assuming integrated carbon capture and storage,PyPSA,,"not represented: sector: allam_cycle_gas and sector: methanol: methanol_to_power: allam are false in config/config.default.yaml and not switched on in config/config.walloon.yaml, so no gas power plant with capture is built"
technology,Electricity production,Centrales solaires photovoltaïques au sol (utility-scale),solar utility,,FOM,2030,,2.4757,%/year,Danish Energy Agency technology catalog,Includes cost of land lease and inverter replacement as an annualized cost.,,PyPSA,2.4757,"resources/walloon-model/costs_2030_processed.csv -> 'solar-utility'.FOM, set by technology-data (upstream default)"
technology,Electricity production,Centrales solaires photovoltaïques au sol (utility-scale),solar utility,,FOM,2040,,2.5247,%/year,Danish Energy Agency technology catalog,Includes cost of land lease and inverter replacement as an annualized cost.,,PyPSA,2.5247,"resources/walloon-model/costs_2040_processed.csv -> 'solar-utility'.FOM, set by technology-data (upstream default)"
technology,Electricity production,Centrales solaires photovoltaïques au sol (utility-scale),solar utility,,FOM,2050,,2.5247,%/year,Danish Energy Agency technology catalog,Includes cost of land lease and inverter replacement as an annualized cost.,,PyPSA,2.5292,"resources/walloon-model/costs_2050_processed.csv -> 'solar-utility'.FOM, set by technology-data (upstream default)"
technology,Electricity production,Centrales solaires photovoltaïques au sol (utility-scale),solar utility,,investment,2030,,500.0,EUR/kW_e,IEA PVPS,"Etude de marché en Hollande en 2023, installation centralisée (taille entre 10 et 50 MW)",,Revue de littérature,500,"resources/walloon-model/costs_2030_processed.csv -> 'solar-utility'.investment, set by data/walloon/custom_costs_rc.csv, EUR2020 basis"
technology,Electricity production,Centrales solaires photovoltaïques au sol (utility-scale),solar utility,,investment,2040,,500.0,EUR/kW_e,IEA PVPS,"Etude de marché en Hollande en 2023, installation centralisée (taille entre 10 et 50 MW)",,Revue de littérature,500,"resources/walloon-model/costs_2040_processed.csv -> 'solar-utility'.investment, set by data/walloon/custom_costs_rc.csv, EUR2020 basis"
technology,Electricity production,Centrales solaires photovoltaïques au sol (utility-scale),solar utility,,investment,2050,,500.0,EUR/kW_e,IEA PVPS,"Etude de marché en Hollande en 2023, installation centralisée (taille entre 10 et 50 MW)",,Revue de littérature,500,"resources/walloon-model/costs_2050_processed.csv -> 'solar-utility'.investment, set by data/walloon/custom_costs_rc.csv, EUR2020 basis"
technology,Electricity production,Centrales solaires photovoltaïques au sol (utility-scale),solar utility,,lifetime,2030,,40.0,year,Danish Energy Agency technology catalog,Assumption,,PyPSA,25,"resources/walloon-model/costs_2030_processed.csv -> 'solar-utility'.lifetime, set by data/walloon/custom_costs_rc.csv"
technology,Electricity production,Centrales solaires photovoltaïques au sol (utility-scale),solar utility,,lifetime,2040,,40.0,year,Danish Energy Agency technology catalog,Assumption,,PyPSA,25,"resources/walloon-model/costs_2040_processed.csv -> 'solar-utility'.lifetime, set by data/walloon/custom_costs_rc.csv"
technology,Electricity production,Centrales solaires photovoltaïques au sol (utility-scale),solar utility,,lifetime,2050,,40.0,year,Danish Energy Agency technology catalog,Assumption,,PyPSA,25,"resources/walloon-model/costs_2050_processed.csv -> 'solar-utility'.lifetime, set by data/walloon/custom_costs_rc.csv"
technology,Flexibility,Chargeur VE,,,efficiency,2030,,0.9,,PyPSA-Eur (config par défaut),bev_charge_efficiency — Battery electric vehicles (BEV) charge and discharge efficiency,,PyPSA,0.9,config/config.default.yaml: sector: bev_charge_efficiency
technology,Flexibility,Chargeur VE,,,efficiency,2040,,0.9,,PyPSA-Eur (config par défaut),bev_charge_efficiency — Battery electric vehicles (BEV) charge and discharge efficiency,,PyPSA,0.9,config/config.default.yaml: sector: bev_charge_efficiency
technology,Flexibility,Chargeur VE,,,efficiency,2050,,0.9,,PyPSA-Eur (config par défaut),bev_charge_efficiency — Battery electric vehicles (BEV) charge and discharge efficiency,,PyPSA,0.9,config/config.default.yaml: sector: bev_charge_efficiency
technology,Flexibility,Chargeur VE,,,nominal_power,2030,,0.011,MW,PyPSA-Eur (config par défaut),bev_charge_rate — The power consumption for one electric vehicle (EV) in MWh. Value derived from 3-phase charger with 11 kW.,,PyPSA,0.011,config/config.default.yaml: sector: bev_charge_rate
technology,Flexibility,Chargeur VE,,,nominal_power,2040,,0.011,MW,PyPSA-Eur (config par défaut),bev_charge_rate — The power consumption for one electric vehicle (EV) in MWh. Value derived from 3-phase charger with 11 kW.,,PyPSA,0.011,config/config.default.yaml: sector: bev_charge_rate
technology,Flexibility,Chargeur VE,,,nominal_power,2050,,0.011,MW,PyPSA-Eur (config par défaut),bev_charge_rate — The power consumption for one electric vehicle (EV) in MWh. Value derived from 3-phase charger with 11 kW.,,PyPSA,0.011,config/config.default.yaml: sector: bev_charge_rate
technology,HVDC power transmission,Convertisseur courant continu haute tension,HVDC inverter pair,,FOM,2030,,2.0,%/year,"Hagspiel et al. (2014): doi:10.1016/j.energy.2014.01.025 , table A.2 .",,,PyPSA,1.5,"resources/walloon-model/costs_2030_processed.csv -> 'HVDC inverter pair'.FOM, set by technology-data (upstream default)"
technology,HVDC power transmission,Convertisseur courant continu haute tension,HVDC inverter pair,,FOM,2040,,2.0,%/year,"Hagspiel et al. (2014): doi:10.1016/j.energy.2014.01.025 , table A.2 .",,,PyPSA,1.5,"resources/walloon-model/costs_2040_processed.csv -> 'HVDC inverter pair'.FOM, set by technology-data (upstream default)"
technology,HVDC power transmission,Convertisseur courant continu haute tension,HVDC inverter pair,,FOM,2050,,2.0,%/year,"Hagspiel et al. (2014): doi:10.1016/j.energy.2014.01.025 , table A.2 .",,,PyPSA,1.5,"resources/walloon-model/costs_2050_processed.csv -> 'HVDC inverter pair'.FOM, set by technology-data (upstream default)"
technology,HVDC power transmission,Convertisseur courant continu haute tension,HVDC inverter pair,,investment,2030,,165803.0398,EUR/MW,"Hagspiel et al. (2014): doi:10.1016/j.energy.2014.01.025 , table A.2 .",,,PyPSA,640000,"resources/walloon-model/costs_2030_processed.csv -> 'HVDC inverter pair'.investment, set by technology-data (upstream default), EUR2025 basis"
technology,HVDC power transmission,Convertisseur courant continu haute tension,HVDC inverter pair,,investment,2040,,165803.0398,EUR/MW,"Hagspiel et al. (2014): doi:10.1016/j.energy.2014.01.025 , table A.2 .",,,PyPSA,580000,"resources/walloon-model/costs_2040_processed.csv -> 'HVDC inverter pair'.investment, set by technology-data (upstream default), EUR2025 basis"
technology,HVDC power transmission,Convertisseur courant continu haute tension,HVDC inverter pair,,investment,2050,,165803.0398,EUR/MW,"Hagspiel et al. (2014): doi:10.1016/j.energy.2014.01.025 , table A.2 .",,,PyPSA,540000,"resources/walloon-model/costs_2050_processed.csv -> 'HVDC inverter pair'.investment, set by technology-data (upstream default), EUR2025 basis"
technology,HVDC power transmission,Convertisseur courant continu haute tension,HVDC inverter pair,,lifetime,2030,,40.0,years,"Hagspiel et al. (2014): doi:10.1016/j.energy.2014.01.025 , table A.2 .",,,PyPSA,40,"resources/walloon-model/costs_2030_processed.csv -> 'HVDC inverter pair'.lifetime, set by technology-data (upstream default)"
technology,HVDC power transmission,Convertisseur courant continu haute tension,HVDC inverter pair,,lifetime,2040,,40.0,years,"Hagspiel et al. (2014): doi:10.1016/j.energy.2014.01.025 , table A.2 .",,,PyPSA,40,"resources/walloon-model/costs_2040_processed.csv -> 'HVDC inverter pair'.lifetime, set by technology-data (upstream default)"
technology,HVDC power transmission,Convertisseur courant continu haute tension,HVDC inverter pair,,lifetime,2050,,40.0,years,"Hagspiel et al. (2014): doi:10.1016/j.energy.2014.01.025 , table A.2 .",,,PyPSA,40,"resources/walloon-model/costs_2050_processed.csv -> 'HVDC inverter pair'.lifetime, set by technology-data (upstream default)"
technology,HVDC power transmission,Câble électrique sous-marin courant continu haute tension,HVDC submarine,,FOM,2030,,0.35,%/year,Purvins et al. (2018): https://doi.org/10.1016/j.jclepro.2018.03.095 .,"Based on estimated costs for a NA-EU connector (bidirectional,4 GW, 3000km length and ca. 3000m depth). Costs in return based on existing/currently under construction undersea cables.",,PyPSA,2.5,"resources/walloon-model/costs_2030_processed.csv -> 'HVDC submarine'.FOM, set by technology-data (upstream default)"
technology,HVDC power transmission,Câble électrique sous-marin courant continu haute tension,HVDC submarine,,FOM,2040,,0.35,%/year,Purvins et al. (2018): https://doi.org/10.1016/j.jclepro.2018.03.095 .,"Based on estimated costs for a NA-EU connector (bidirectional,4 GW, 3000km length and ca. 3000m depth). Costs in return based on existing/currently under construction undersea cables.",,PyPSA,2.5,"resources/walloon-model/costs_2040_processed.csv -> 'HVDC submarine'.FOM, set by technology-data (upstream default)"
technology,HVDC power transmission,Câble électrique sous-marin courant continu haute tension,HVDC submarine,,FOM,2050,,0.35,%/year,Purvins et al. (2018): https://doi.org/10.1016/j.jclepro.2018.03.095 .,"Based on estimated costs for a NA-EU connector (bidirectional,4 GW, 3000km length and ca. 3000m depth). Costs in return based on existing/currently under construction undersea cables.",,PyPSA,2.5,"resources/walloon-model/costs_2050_processed.csv -> 'HVDC submarine'.FOM, set by technology-data (upstream default)"
technology,HVDC power transmission,Câble électrique sous-marin courant continu haute tension,HVDC submarine,,investment,2030,,1008.2934,EUR/MW/km,Härtel et al. (2017): https://doi.org/10.1016/j.epsr.2017.06.008 .,Table 1,,PyPSA,3220,"resources/walloon-model/costs_2030_processed.csv -> 'HVDC submarine'.investment, set by technology-data (upstream default), EUR2025 basis"
technology,HVDC power transmission,Câble électrique sous-marin courant continu haute tension,HVDC submarine,,investment,2040,,1008.2934,EUR/MW/km,Härtel et al. (2017): https://doi.org/10.1016/j.epsr.2017.06.008 .,Table 1,,PyPSA,2950,"resources/walloon-model/costs_2040_processed.csv -> 'HVDC submarine'.investment, set by technology-data (upstream default), EUR2025 basis"
technology,HVDC power transmission,Câble électrique sous-marin courant continu haute tension,HVDC submarine,,investment,2050,,1008.2934,EUR/MW/km,Härtel et al. (2017): https://doi.org/10.1016/j.epsr.2017.06.008 .,Table 1,,PyPSA,2680,"resources/walloon-model/costs_2050_processed.csv -> 'HVDC submarine'.investment, set by technology-data (upstream default), EUR2025 basis"
technology,HVDC power transmission,Câble électrique sous-marin courant continu haute tension,HVDC submarine,,lifetime,2030,,40.0,years,Purvins et al. (2018): https://doi.org/10.1016/j.jclepro.2018.03.095 .,"Based on estimated costs for a NA-EU connector (bidirectional,4 GW, 3000km length and ca. 3000m depth). Costs in return based on existing/currently under construction undersea cables.",,PyPSA,40,"resources/walloon-model/costs_2030_processed.csv -> 'HVDC submarine'.lifetime, set by technology-data (upstream default)"
technology,HVDC power transmission,Câble électrique sous-marin courant continu haute tension,HVDC submarine,,lifetime,2040,,40.0,years,Purvins et al. (2018): https://doi.org/10.1016/j.jclepro.2018.03.095 .,"Based on estimated costs for a NA-EU connector (bidirectional,4 GW, 3000km length and ca. 3000m depth). Costs in return based on existing/currently under construction undersea cables.",,PyPSA,40,"resources/walloon-model/costs_2040_processed.csv -> 'HVDC submarine'.lifetime, set by technology-data (upstream default)"
technology,HVDC power transmission,Câble électrique sous-marin courant continu haute tension,HVDC submarine,,lifetime,2050,,40.0,years,Purvins et al. (2018): https://doi.org/10.1016/j.jclepro.2018.03.095 .,"Based on estimated costs for a NA-EU connector (bidirectional,4 GW, 3000km length and ca. 3000m depth). Costs in return based on existing/currently under construction undersea cables.",,PyPSA,40,"resources/walloon-model/costs_2050_processed.csv -> 'HVDC submarine'.lifetime, set by technology-data (upstream default)"
demand_driver,Commercial,Froid (data center),,,,,,,PJ,Analyse de l'évolution des bilans historiques (2010 à 2020) et Jugement d'expert,"Augmentation de 5%/an de 2020 à 2025, de 2,5%/an jusqu'à 2050",,TIMES,,not a pypsa-wal input: activity drivers stay inside TIMES; pypsa-wal receives the resulting final-energy demands through the soft-link (resources/<run>/wallon_demands_<year>.csv)
technology,H2 pipeline,Gazoduc hydrogène (H₂) neuf,H2 (g) pipeline,,FOM,2030,,3.1667,%/year,"Danish Energy Agency, Technology Data for Energy Transport (2021), Excel datasheet: H2 140.","Assumption for a 140 bar, > 6000 MW_HHV single line pipeline, incl. booster station investments. Considering LHV by scaling with LHV/HHV=0.8462623413.",,PyPSA,3.1667,"resources/walloon-model/costs_2030_processed.csv -> 'H2 (g) pipeline'.FOM, set by technology-data (upstream default)"
technology,H2 pipeline,Gazoduc hydrogène (H₂) neuf,H2 (g) pipeline,,FOM,2040,,2.3333,%/year,"Danish Energy Agency, Technology Data for Energy Transport (2021), Excel datasheet: H2 140.","Assumption for a 140 bar, > 6000 MW_HHV single line pipeline, incl. booster station investments. Considering LHV by scaling with LHV/HHV=0.8462623413.",,PyPSA,2.3333,"resources/walloon-model/costs_2040_processed.csv -> 'H2 (g) pipeline'.FOM, set by technology-data (upstream default)"
technology,H2 pipeline,Gazoduc hydrogène (H₂) neuf,H2 (g) pipeline,,FOM,2050,,1.5,%/year,"Danish Energy Agency, Technology Data for Energy Transport (2021), Excel datasheet: H2 140.","Assumption for a 140 bar, > 6000 MW_HHV single line pipeline, incl. booster station investments. Considering LHV by scaling with LHV/HHV=0.8462623413.",,PyPSA,1.5,"resources/walloon-model/costs_2050_processed.csv -> 'H2 (g) pipeline'.FOM, set by technology-data (upstream default)"
technology,H2 pipeline,Gazoduc hydrogène (H₂) neuf,H2 (g) pipeline,,investment,2030,,303.6845,EUR/MW/km,European Hydrogen Backbone Report (June 2021): https://gasforclimate2050.eu/wp-content/uploads/2021/06/EHB_Analysing-the-future-demand-supply-and-transport-of-hydrogen_June-2021.pdf Table 35. Implementation roadmap - Cross border projects and costs updates: https://ehb.eu/files/downloads/EHB-2023-20-Nov-FINAL-design.pdf Table 1,"Assumption for a 48 inch single line pipeline, incl. compressor investments, 16.9 GW (LHV) peak capacity (source 2), 4.4 MEUR/km base cost with additional investment for compressors of capacity 434 MWe/1000 km (source 1), at 4 MEUR/MWe for compressor (source 2)",,PyPSA,381.833,"resources/walloon-model/costs_2030_processed.csv -> 'H2 (g) pipeline'.investment, set by technology-data (upstream default), EUR2023 basis"
technology,H2 pipeline,Gazoduc hydrogène (H₂) neuf,H2 (g) pipeline,,investment,2040,,303.6845,EUR/MW/km,European Hydrogen Backbone Report (June 2021): https://gasforclimate2050.eu/wp-content/uploads/2021/06/EHB_Analysing-the-future-demand-supply-and-transport-of-hydrogen_June-2021.pdf Table 35. Implementation roadmap - Cross border projects and costs updates: https://ehb.eu/files/downloads/EHB-2023-20-Nov-FINAL-design.pdf Table 1,"Assumption for a 48 inch single line pipeline, incl. compressor investments, 16.9 GW (LHV) peak capacity (source 2), 4.4 MEUR/km base cost with additional investment for compressors of capacity 434 MWe/1000 km (source 1), at 4 MEUR/MWe for compressor (source 2)",,PyPSA,381.833,"resources/walloon-model/costs_2040_processed.csv -> 'H2 (g) pipeline'.investment, set by technology-data (upstream default), EUR2023 basis"
technology,H2 pipeline,Gazoduc hydrogène (H₂) neuf,H2 (g) pipeline,,investment,2050,,303.6845,EUR/MW/km,European Hydrogen Backbone Report (June 2021): https://gasforclimate2050.eu/wp-content/uploads/2021/06/EHB_Analysing-the-future-demand-supply-and-transport-of-hydrogen_June-2021.pdf Table 35. Implementation roadmap - Cross border projects and costs updates: https://ehb.eu/files/downloads/EHB-2023-20-Nov-FINAL-design.pdf Table 1,"Assumption for a 48 inch single line pipeline, incl. compressor investments, 16.9 GW (LHV) peak capacity (source 2), 4.4 MEUR/km base cost with additional investment for compressors of capacity 434 MWe/1000 km (source 1), at 4 MEUR/MWe for compressor (source 2)",,PyPSA,381.833,"resources/walloon-model/costs_2050_processed.csv -> 'H2 (g) pipeline'.investment, set by technology-data (upstream default), EUR2023 basis"
technology,H2 pipeline,Gazoduc hydrogène (H₂) neuf,H2 (g) pipeline,,lifetime,2030,,50.0,years,"Danish Energy Agency, Technology Data for Energy Transport (2021), Excel datasheet: H2 140.","Assumption for a 140 bar, > 6000 MW_HHV single line pipeline, incl. booster station investments. Considering LHV by scaling with LHV/HHV=0.8462623413.",,PyPSA,50,"resources/walloon-model/costs_2030_processed.csv -> 'H2 (g) pipeline'.lifetime, set by technology-data (upstream default)"
technology,H2 pipeline,Gazoduc hydrogène (H₂) neuf,H2 (g) pipeline,,lifetime,2040,,50.0,years,"Danish Energy Agency, Technology Data for Energy Transport (2021), Excel datasheet: H2 140.","Assumption for a 140 bar, > 6000 MW_HHV single line pipeline, incl. booster station investments. Considering LHV by scaling with LHV/HHV=0.8462623413.",,PyPSA,50,"resources/walloon-model/costs_2040_processed.csv -> 'H2 (g) pipeline'.lifetime, set by technology-data (upstream default)"
technology,H2 pipeline,Gazoduc hydrogène (H₂) neuf,H2 (g) pipeline,,lifetime,2050,,50.0,years,"Danish Energy Agency, Technology Data for Energy Transport (2021), Excel datasheet: H2 140.","Assumption for a 140 bar, > 6000 MW_HHV single line pipeline, incl. booster station investments. Considering LHV by scaling with LHV/HHV=0.8462623413.",,PyPSA,50,"resources/walloon-model/costs_2050_processed.csv -> 'H2 (g) pipeline'.lifetime, set by technology-data (upstream default)"
technology,H2 pipeline,Gazoduc hydrogène (H₂) reconverti,H2 (g) pipeline repurposed,,FOM,2030,,3.1667,%/year,"Danish Energy Agency, Technology Data for Energy Transport (2021), Excel datasheet: H2 140.",Same as for new H2 (g) pipeline.,,PyPSA,3.1667,"resources/walloon-model/costs_2030_processed.csv -> 'H2 (g) pipeline repurposed'.FOM, set by technology-data (upstream default)"
technology,H2 pipeline,Gazoduc hydrogène (H₂) reconverti,H2 (g) pipeline repurposed,,FOM,2040,,2.3333,%/year,"Danish Energy Agency, Technology Data for Energy Transport (2021), Excel datasheet: H2 140.",Same as for new H2 (g) pipeline.,,PyPSA,2.3333,"resources/walloon-model/costs_2040_processed.csv -> 'H2 (g) pipeline repurposed'.FOM, set by technology-data (upstream default)"
technology,H2 pipeline,Gazoduc hydrogène (H₂) reconverti,H2 (g) pipeline repurposed,,FOM,2050,,1.5,%/year,"Danish Energy Agency, Technology Data for Energy Transport (2021), Excel datasheet: H2 140.",Same as for new H2 (g) pipeline.,,PyPSA,1.5,"resources/walloon-model/costs_2050_processed.csv -> 'H2 (g) pipeline repurposed'.FOM, set by technology-data (upstream default)"
technology,H2 pipeline,Gazoduc hydrogène (H₂) reconverti,H2 (g) pipeline repurposed,,investment,2030,,129.4682,EUR/MW/km,European Hydrogen Backbone Report (June 2021): https://gasforclimate2050.eu/wp-content/uploads/2021/06/EHB_Analysing-the-future-demand-supply-and-transport-of-hydrogen_June-2021.pdf Table 35. Implementation roadmap - Cross border projects and costs updates: https://ehb.eu/files/downloads/EHB-2023-20-Nov-FINAL-design.pdf Table 1,"Assumption for a 48 inch single line repurposed pipeline, incl. compressor investments, 16.9 GW (LHV) peak capacity (source 2), 0.8 MEUR/km base cost with additional investment for compressors of capacity 434 MWe/1000 km (source 1), at 4 MEUR/MWe for compressor (source 2)",,PyPSA,162.785,"resources/walloon-model/costs_2030_processed.csv -> 'H2 (g) pipeline repurposed'.investment, set by technology-data (upstream default), EUR2023 basis"
technology,H2 pipeline,Gazoduc hydrogène (H₂) reconverti,H2 (g) pipeline repurposed,,investment,2040,,129.4682,EUR/MW/km,European Hydrogen Backbone Report (June 2021): https://gasforclimate2050.eu/wp-content/uploads/2021/06/EHB_Analysing-the-future-demand-supply-and-transport-of-hydrogen_June-2021.pdf Table 35. Implementation roadmap - Cross border projects and costs updates: https://ehb.eu/files/downloads/EHB-2023-20-Nov-FINAL-design.pdf Table 1,"Assumption for a 48 inch single line repurposed pipeline, incl. compressor investments, 16.9 GW (LHV) peak capacity (source 2), 0.8 MEUR/km base cost with additional investment for compressors of capacity 434 MWe/1000 km (source 1), at 4 MEUR/MWe for compressor (source 2)",,PyPSA,162.785,"resources/walloon-model/costs_2040_processed.csv -> 'H2 (g) pipeline repurposed'.investment, set by technology-data (upstream default), EUR2023 basis"
technology,H2 pipeline,Gazoduc hydrogène (H₂) reconverti,H2 (g) pipeline repurposed,,investment,2050,,129.4682,EUR/MW/km,European Hydrogen Backbone Report (June 2021): https://gasforclimate2050.eu/wp-content/uploads/2021/06/EHB_Analysing-the-future-demand-supply-and-transport-of-hydrogen_June-2021.pdf Table 35. Implementation roadmap - Cross border projects and costs updates: https://ehb.eu/files/downloads/EHB-2023-20-Nov-FINAL-design.pdf Table 1,"Assumption for a 48 inch single line repurposed pipeline, incl. compressor investments, 16.9 GW (LHV) peak capacity (source 2), 0.8 MEUR/km base cost with additional investment for compressors of capacity 434 MWe/1000 km (source 1), at 4 MEUR/MWe for compressor (source 2)",,PyPSA,162.785,"resources/walloon-model/costs_2050_processed.csv -> 'H2 (g) pipeline repurposed'.investment, set by technology-data (upstream default), EUR2023 basis"
technology,H2 pipeline,Gazoduc hydrogène (H₂) reconverti,H2 (g) pipeline repurposed,,lifetime,2030,,50.0,years,"Danish Energy Agency, Technology Data for Energy Transport (2021), Excel datasheet: H2 140.",Same as for new H2 (g) pipeline.,,PyPSA,50,"resources/walloon-model/costs_2030_processed.csv -> 'H2 (g) pipeline repurposed'.lifetime, set by technology-data (upstream default)"
technology,H2 pipeline,Gazoduc hydrogène (H₂) reconverti,H2 (g) pipeline repurposed,,lifetime,2040,,50.0,years,"Danish Energy Agency, Technology Data for Energy Transport (2021), Excel datasheet: H2 140.",Same as for new H2 (g) pipeline.,,PyPSA,50,"resources/walloon-model/costs_2040_processed.csv -> 'H2 (g) pipeline repurposed'.lifetime, set by technology-data (upstream default)"
technology,H2 pipeline,Gazoduc hydrogène (H₂) reconverti,H2 (g) pipeline repurposed,,lifetime,2050,,50.0,years,"Danish Energy Agency, Technology Data for Energy Transport (2021), Excel datasheet: H2 140.",Same as for new H2 (g) pipeline.,,PyPSA,50,"resources/walloon-model/costs_2050_processed.csv -> 'H2 (g) pipeline repurposed'.lifetime, set by technology-data (upstream default)"
technology,CH4 pipeline,Gazoduc méthane (CH₄),CH4 (g) pipeline,,FOM,2030,,1.5,%/year,Assume same as for H2 (g) pipeline in 2050 (CH4 pipeline as mature technology).,"Due to lack of numbers, use comparable H2 pipeline assumptions.",,PyPSA,1.5,"resources/walloon-model/costs_2030_processed.csv -> 'CH4 (g) pipeline'.FOM, set by technology-data (upstream default)"
technology,CH4 pipeline,Gazoduc méthane (CH₄),CH4 (g) pipeline,,FOM,2040,,1.5,%/year,Assume same as for H2 (g) pipeline in 2050 (CH4 pipeline as mature technology).,"Due to lack of numbers, use comparable H2 pipeline assumptions.",,PyPSA,1.5,"resources/walloon-model/costs_2040_processed.csv -> 'CH4 (g) pipeline'.FOM, set by technology-data (upstream default)"
technology,CH4 pipeline,Gazoduc méthane (CH₄),CH4 (g) pipeline,,FOM,2050,,1.5,%/year,Assume same as for H2 (g) pipeline in 2050 (CH4 pipeline as mature technology).,"Due to lack of numbers, use comparable H2 pipeline assumptions.",,PyPSA,1.5,"resources/walloon-model/costs_2050_processed.csv -> 'CH4 (g) pipeline'.FOM, set by technology-data (upstream default)"
technology,CH4 pipeline,Gazoduc méthane (CH₄),CH4 (g) pipeline,,investment,2030,,87.22,EUR/MW/km,Guesstimate.,"Based on Arab Gas Pipeline: https://en.wikipedia.org/wiki/Arab_Gas_Pipeline: cost = 1.2e9 $-US (year = ?), capacity=10.3e9 m^3/a NG, l=1200km, NG-LHV=39MJ/m^3*90% (also Wikipedia estimate from here https://en.wikipedia.org/wiki/Heat_of_combustion). Presumed to include booster station cost.",,PyPSA,109.665,"resources/walloon-model/costs_2030_processed.csv -> 'CH4 (g) pipeline'.investment, set by technology-data (upstream default), EUR2020 basis"
technology,CH4 pipeline,Gazoduc méthane (CH₄),CH4 (g) pipeline,,investment,2040,,87.22,EUR/MW/km,Guesstimate.,"Based on Arab Gas Pipeline: https://en.wikipedia.org/wiki/Arab_Gas_Pipeline: cost = 1.2e9 $-US (year = ?), capacity=10.3e9 m^3/a NG, l=1200km, NG-LHV=39MJ/m^3*90% (also Wikipedia estimate from here https://en.wikipedia.org/wiki/Heat_of_combustion). Presumed to include booster station cost.",,PyPSA,109.665,"resources/walloon-model/costs_2040_processed.csv -> 'CH4 (g) pipeline'.investment, set by technology-data (upstream default), EUR2020 basis"
technology,CH4 pipeline,Gazoduc méthane (CH₄),CH4 (g) pipeline,,investment,2050,,87.22,EUR/MW/km,Guesstimate.,"Based on Arab Gas Pipeline: https://en.wikipedia.org/wiki/Arab_Gas_Pipeline: cost = 1.2e9 $-US (year = ?), capacity=10.3e9 m^3/a NG, l=1200km, NG-LHV=39MJ/m^3*90% (also Wikipedia estimate from here https://en.wikipedia.org/wiki/Heat_of_combustion). Presumed to include booster station cost.",,PyPSA,109.665,"resources/walloon-model/costs_2050_processed.csv -> 'CH4 (g) pipeline'.investment, set by technology-data (upstream default), EUR2020 basis"
technology,CH4 pipeline,Gazoduc méthane (CH₄),CH4 (g) pipeline,,lifetime,2030,,50.0,years,Assume same as for H2 (g) pipeline in 2050 (CH4 pipeline as mature technology).,"Due to lack of numbers, use comparable H2 pipeline assumptions.",,PyPSA,50,"resources/walloon-model/costs_2030_processed.csv -> 'CH4 (g) pipeline'.lifetime, set by technology-data (upstream default)"
technology,CH4 pipeline,Gazoduc méthane (CH₄),CH4 (g) pipeline,,lifetime,2040,,50.0,years,Assume same as for H2 (g) pipeline in 2050 (CH4 pipeline as mature technology).,"Due to lack of numbers, use comparable H2 pipeline assumptions.",,PyPSA,50,"resources/walloon-model/costs_2040_processed.csv -> 'CH4 (g) pipeline'.lifetime, set by technology-data (upstream default)"
technology,CH4 pipeline,Gazoduc méthane (CH₄),CH4 (g) pipeline,,lifetime,2050,,50.0,years,Assume same as for H2 (g) pipeline in 2050 (CH4 pipeline as mature technology).,"Due to lack of numbers, use comparable H2 pipeline assumptions.",,PyPSA,50,"resources/walloon-model/costs_2050_processed.csv -> 'CH4 (g) pipeline'.lifetime, set by technology-data (upstream default)"
technology,RES grid connection,Liaison sous-marine AC pour éolien offshore,offwind-ac-connection-submarine,,investment,2030,,2841.3251,EUR/MW/km,Danish Energy Agency technology catalog,Assumption,,PyPSA,4510,"resources/walloon-model/costs_2030_processed.csv -> 'offwind-ac-connection-submarine'.investment, set by technology-data (upstream default), EUR2025 basis"
technology,RES grid connection,Liaison sous-marine AC pour éolien offshore,offwind-ac-connection-submarine,,investment,2040,,2841.3251,EUR/MW/km,Danish Energy Agency technology catalog,Assumption,,PyPSA,4130,"resources/walloon-model/costs_2040_processed.csv -> 'offwind-ac-connection-submarine'.investment, set by technology-data (upstream default), EUR2025 basis"
technology,RES grid connection,Liaison sous-marine AC pour éolien offshore,offwind-ac-connection-submarine,,investment,2050,,2841.3251,EUR/MW/km,Danish Energy Agency technology catalog,Assumption,,PyPSA,3750,"resources/walloon-model/costs_2050_processed.csv -> 'offwind-ac-connection-submarine'.investment, set by technology-data (upstream default), EUR2025 basis"
technology,RES grid connection,Liaison sous-marine DC pour éolien offshore,offwind-dc-connection-submarine,,investment,2030,,2116.4433,EUR/MW/km,DTU report based on Fig 34 of https://ec.europa.eu/energy/sites/ener/files/documents/2014_nsog_report.pdf,,,PyPSA,3220,"resources/walloon-model/costs_2030_processed.csv -> 'offwind-dc-connection-submarine'.investment, set by technology-data (upstream default), EUR2025 basis"
technology,RES grid connection,Liaison sous-marine DC pour éolien offshore,offwind-dc-connection-submarine,,investment,2040,,2116.4433,EUR/MW/km,DTU report based on Fig 34 of https://ec.europa.eu/energy/sites/ener/files/documents/2014_nsog_report.pdf,,,PyPSA,2950,"resources/walloon-model/costs_2040_processed.csv -> 'offwind-dc-connection-submarine'.investment, set by technology-data (upstream default), EUR2025 basis"
technology,RES grid connection,Liaison sous-marine DC pour éolien offshore,offwind-dc-connection-submarine,,investment,2050,,2116.4433,EUR/MW/km,DTU report based on Fig 34 of https://ec.europa.eu/energy/sites/ener/files/documents/2014_nsog_report.pdf,,,PyPSA,2680,"resources/walloon-model/costs_2050_processed.csv -> 'offwind-dc-connection-submarine'.investment, set by technology-data (upstream default), EUR2025 basis"
technology,RES grid connection,Liaison souterraine AC pour éolien offshore,offwind-ac-connection-underground,,investment,2030,,1420.1334,EUR/MW/km,Danish Energy Agency technology catalog,Assumption,,PyPSA,4510,"resources/walloon-model/costs_2030_processed.csv -> 'offwind-ac-connection-underground'.investment, set by technology-data (upstream default), EUR2025 basis"
technology,RES grid connection,Liaison souterraine AC pour éolien offshore,offwind-ac-connection-underground,,investment,2040,,1420.1334,EUR/MW/km,Danish Energy Agency technology catalog,Assumption,,PyPSA,4130,"resources/walloon-model/costs_2040_processed.csv -> 'offwind-ac-connection-underground'.investment, set by technology-data (upstream default), EUR2025 basis"
technology,RES grid connection,Liaison souterraine AC pour éolien offshore,offwind-ac-connection-underground,,investment,2050,,1420.1334,EUR/MW/km,Danish Energy Agency technology catalog,Assumption,,PyPSA,3750,"resources/walloon-model/costs_2050_processed.csv -> 'offwind-ac-connection-underground'.investment, set by technology-data (upstream default), EUR2025 basis"
technology,RES grid connection,Liaison souterraine DC pour éolien offshore,offwind-dc-connection-underground,,investment,2030,,1058.2216,EUR/MW/km,Haertel 2017; average + 13% learning reduction,,,PyPSA,4070,"resources/walloon-model/costs_2030_processed.csv -> 'offwind-dc-connection-underground'.investment, set by technology-data (upstream default), EUR2025 basis"
technology,RES grid connection,Liaison souterraine DC pour éolien offshore,offwind-dc-connection-underground,,investment,2040,,1058.2216,EUR/MW/km,Haertel 2017; average + 13% learning reduction,,,PyPSA,3740,"resources/walloon-model/costs_2040_processed.csv -> 'offwind-dc-connection-underground'.investment, set by technology-data (upstream default), EUR2025 basis"
technology,RES grid connection,Liaison souterraine DC pour éolien offshore,offwind-dc-connection-underground,,investment,2050,,1058.2216,EUR/MW/km,Haertel 2017; average + 13% learning reduction,,,PyPSA,3400,"resources/walloon-model/costs_2050_processed.csv -> 'offwind-dc-connection-underground'.investment, set by technology-data (upstream default), EUR2025 basis"
technology,HVDC power transmission,Ligne électrique  aérienne courant continu haute tension,HVDC overhead,,FOM,2030,,2.0,%/year,"Hagspiel et al. (2014): doi:10.1016/j.energy.2014.01.025 , table A.2 .",,,PyPSA,1.5,"resources/walloon-model/costs_2030_processed.csv -> 'HVDC overhead'.FOM, set by technology-data (upstream default)"
technology,HVDC power transmission,Ligne électrique  aérienne courant continu haute tension,HVDC overhead,,FOM,2040,,2.0,%/year,"Hagspiel et al. (2014): doi:10.1016/j.energy.2014.01.025 , table A.2 .",,,PyPSA,1.5,"resources/walloon-model/costs_2040_processed.csv -> 'HVDC overhead'.FOM, set by technology-data (upstream default)"
technology,HVDC power transmission,Ligne électrique  aérienne courant continu haute tension,HVDC overhead,,FOM,2050,,2.0,%/year,"Hagspiel et al. (2014): doi:10.1016/j.energy.2014.01.025 , table A.2 .",,,PyPSA,1.5,"resources/walloon-model/costs_2050_processed.csv -> 'HVDC overhead'.FOM, set by technology-data (upstream default)"
technology,HVDC power transmission,Ligne électrique  aérienne courant continu haute tension,HVDC overhead,,investment,2030,,442.1414,EUR/MW/km,"Hagspiel et al. (2014): doi:10.1016/j.energy.2014.01.025 , table A.2 .",,,PyPSA,600,"resources/walloon-model/costs_2030_processed.csv -> 'HVDC overhead'.investment, set by technology-data (upstream default), EUR2025 basis"
technology,HVDC power transmission,Ligne électrique  aérienne courant continu haute tension,HVDC overhead,,investment,2040,,442.1414,EUR/MW/km,"Hagspiel et al. (2014): doi:10.1016/j.energy.2014.01.025 , table A.2 .",,,PyPSA,550,"resources/walloon-model/costs_2040_processed.csv -> 'HVDC overhead'.investment, set by technology-data (upstream default), EUR2025 basis"
technology,HVDC power transmission,Ligne électrique  aérienne courant continu haute tension,HVDC overhead,,investment,2050,,442.1414,EUR/MW/km,"Hagspiel et al. (2014): doi:10.1016/j.energy.2014.01.025 , table A.2 .",,,PyPSA,500,"resources/walloon-model/costs_2050_processed.csv -> 'HVDC overhead'.investment, set by technology-data (upstream default), EUR2025 basis"
technology,HVDC power transmission,Ligne électrique  aérienne courant continu haute tension,HVDC overhead,,lifetime,2030,,40.0,years,"Hagspiel et al. (2014): doi:10.1016/j.energy.2014.01.025 , table A.2 .",,,PyPSA,40,"resources/walloon-model/costs_2030_processed.csv -> 'HVDC overhead'.lifetime, set by technology-data (upstream default)"
technology,HVDC power transmission,Ligne électrique  aérienne courant continu haute tension,HVDC overhead,,lifetime,2040,,40.0,years,"Hagspiel et al. (2014): doi:10.1016/j.energy.2014.01.025 , table A.2 .",,,PyPSA,40,"resources/walloon-model/costs_2040_processed.csv -> 'HVDC overhead'.lifetime, set by technology-data (upstream default)"
technology,HVDC power transmission,Ligne électrique  aérienne courant continu haute tension,HVDC overhead,,lifetime,2050,,40.0,years,"Hagspiel et al. (2014): doi:10.1016/j.energy.2014.01.025 , table A.2 .",,,PyPSA,40,"resources/walloon-model/costs_2050_processed.csv -> 'HVDC overhead'.lifetime, set by technology-data (upstream default)"
technology,HVAC power transmission,Ligne électrique courant alternatif haute tension aérienne,HVAC overhead,,FOM,2030,,2.0,%/year,"Hagspiel et al. (2014): doi:10.1016/j.energy.2014.01.025 , table A.2 .",,,PyPSA,1.5,"resources/walloon-model/costs_2030_processed.csv -> 'HVAC overhead'.FOM, set by technology-data (upstream default)"
technology,HVAC power transmission,Ligne électrique courant alternatif haute tension aérienne,HVAC overhead,,FOM,2040,,2.0,%/year,"Hagspiel et al. (2014): doi:10.1016/j.energy.2014.01.025 , table A.2 .",,,PyPSA,1.5,"resources/walloon-model/costs_2040_processed.csv -> 'HVAC overhead'.FOM, set by technology-data (upstream default)"
technology,HVAC power transmission,Ligne électrique courant alternatif haute tension aérienne,HVAC overhead,,FOM,2050,,2.0,%/year,"Hagspiel et al. (2014): doi:10.1016/j.energy.2014.01.025 , table A.2 .",,,PyPSA,1.5,"resources/walloon-model/costs_2050_processed.csv -> 'HVAC overhead'.FOM, set by technology-data (upstream default)"
technology,HVAC power transmission,Ligne électrique courant alternatif haute tension aérienne,HVAC overhead,,investment,2030,,442.1414,EUR/MW/km,"Hagspiel et al. (2014): doi:10.1016/j.energy.2014.01.025 , table A.2 .",,,PyPSA,750,"resources/walloon-model/costs_2030_processed.csv -> 'HVAC overhead'.investment, set by technology-data (upstream default), EUR2025 basis"
technology,HVAC power transmission,Ligne électrique courant alternatif haute tension aérienne,HVAC overhead,,investment,2040,,442.1414,EUR/MW/km,"Hagspiel et al. (2014): doi:10.1016/j.energy.2014.01.025 , table A.2 .",,,PyPSA,680,"resources/walloon-model/costs_2040_processed.csv -> 'HVAC overhead'.investment, set by technology-data (upstream default), EUR2025 basis"
technology,HVAC power transmission,Ligne électrique courant alternatif haute tension aérienne,HVAC overhead,,investment,2050,,442.1414,EUR/MW/km,"Hagspiel et al. (2014): doi:10.1016/j.energy.2014.01.025 , table A.2 .",,,PyPSA,620,"resources/walloon-model/costs_2050_processed.csv -> 'HVAC overhead'.investment, set by technology-data (upstream default), EUR2025 basis"
technology,HVAC power transmission,Ligne électrique courant alternatif haute tension aérienne,HVAC overhead,,lifetime,2030,,40.0,years,"Hagspiel et al. (2014): doi:10.1016/j.energy.2014.01.025 , table A.2 .",,,PyPSA,40,"resources/walloon-model/costs_2030_processed.csv -> 'HVAC overhead'.lifetime, set by technology-data (upstream default)"
technology,HVAC power transmission,Ligne électrique courant alternatif haute tension aérienne,HVAC overhead,,lifetime,2040,,40.0,years,"Hagspiel et al. (2014): doi:10.1016/j.energy.2014.01.025 , table A.2 .",,,PyPSA,40,"resources/walloon-model/costs_2040_processed.csv -> 'HVAC overhead'.lifetime, set by technology-data (upstream default)"
technology,HVAC power transmission,Ligne électrique courant alternatif haute tension aérienne,HVAC overhead,,lifetime,2050,,40.0,years,"Hagspiel et al. (2014): doi:10.1016/j.energy.2014.01.025 , table A.2 .",,,PyPSA,40,"resources/walloon-model/costs_2050_processed.csv -> 'HVAC overhead'.lifetime, set by technology-data (upstream default)"
demand_driver,Transport,Marchandises,,,,,,,vkm,BFP  «Perspectives de la demande de transport à l’horizon 2040»,Globalement à la hausse. Basé sur l'étude long terme transport du BFP,,TIMES,,not a pypsa-wal input: activity drivers stay inside TIMES; pypsa-wal receives the resulting final-energy demands through the soft-link (resources/<run>/wallon_demands_<year>.csv)
demand_driver,Résidentiel,Mm2 neufs,,,,,,,Mm2,BFP et STATBEL,"Directement associés aux usages chauffage et eau chaude sanitaire), basée selon l'évolution du nombre de ménages.",,TIMES,,not a pypsa-wal input: activity drivers stay inside TIMES; pypsa-wal receives the resulting final-energy demands through the soft-link (resources/<run>/wallon_demands_<year>.csv)
demand_driver,Commercial,Mm² neufs,,,,,,,Mm2,,Basé sur l'évolution historique des chacun des sous-secteurs,,TIMES,,not a pypsa-wal input: activity drivers stay inside TIMES; pypsa-wal receives the resulting final-energy demands through the soft-link (resources/<run>/wallon_demands_<year>.csv)
demand_driver,Industrie,Mt de produit final ou en PJ,,,,,,,Mt,SPW (Bilans),"Evolution stable, basé sur 2021.",,TIMES,,not a pypsa-wal input: activity drivers stay inside TIMES; pypsa-wal receives the resulting final-energy demands through the soft-link (resources/<run>/wallon_demands_<year>.csv)
technology,Cross-border interconnection,NTC (Capacité de transfert net) BE-DE,,,p_nom_max,2030,,1000.0,MW,Hypothèse TYNDP prolongé sur consultation avec expert ELIA,2050 : +1000 MW vs 2040,"PyPSA Link: bus0=BE, bus1=DE, carrier=DC, p_nom_extendable=True",Revue de littérature,1000,"data/walloon/ntc_2030.csv -> mean of the BEL-DEU rows, applied by scripts/walloon_scripts/set_NTCs.py (electricity: apply_ntc_constraints)"
technology,Cross-border interconnection,NTC (Capacité de transfert net) BE-DE,,,p_nom_max,2040,,1000.0,MW,Hypothèse TYNDP prolongé sur consultation avec expert ELIA,2050 : +1000 MW vs 2040,"PyPSA Link: bus0=BE, bus1=DE, carrier=DC, p_nom_extendable=True",Revue de littérature,1000,"data/walloon/ntc_2040.csv -> mean of the BEL-DEU rows, applied by scripts/walloon_scripts/set_NTCs.py (electricity: apply_ntc_constraints)"
technology,Cross-border interconnection,NTC (Capacité de transfert net) BE-DE,,,p_nom_max,2050,,2000.0,MW,Hypothèse TYNDP prolongé sur consultation avec expert ELIA,2050 : +1000 MW vs 2040,"PyPSA Link: bus0=BE, bus1=DE, carrier=DC, p_nom_extendable=True",Revue de littérature,1500,"data/walloon/ntc_2050.csv -> mean of the BEL-DEU rows, applied by scripts/walloon_scripts/set_NTCs.py (electricity: apply_ntc_constraints)"
technology,Cross-border interconnection,NTC (Capacité de transfert net) BE-FR,,,p_nom_max,2030,,4000.0,MW,Hypothèse TYNDP prolongé sur consultation avec expert ELIA,2030 : 4000 MW si valeur unique (sinon 2800/4300 MW). 2040 : +1000 MW. 2050 : +1000 MW,"PyPSA Link: bus0=BE, bus1=FR, carrier=AC, p_nom_extendable=True",Revue de littérature,4150,"data/walloon/ntc_2030.csv -> mean of the BEL-FRA rows, applied by scripts/walloon_scripts/set_NTCs.py (electricity: apply_ntc_constraints)"
technology,Cross-border interconnection,NTC (Capacité de transfert net) BE-FR,,,p_nom_max,2040,,5000.0,MW,Hypothèse TYNDP prolongé sur consultation avec expert ELIA,2030 : 4000 MW si valeur unique (sinon 2800/4300 MW). 2040 : +1000 MW. 2050 : +1000 MW,"PyPSA Link: bus0=BE, bus1=FR, carrier=AC, p_nom_extendable=True",Revue de littérature,4650,"data/walloon/ntc_2040.csv -> mean of the BEL-FRA rows, applied by scripts/walloon_scripts/set_NTCs.py (electricity: apply_ntc_constraints)"
technology,Cross-border interconnection,NTC (Capacité de transfert net) BE-FR,,,p_nom_max,2050,,6000.0,MW,Hypothèse TYNDP prolongé sur consultation avec expert ELIA,2030 : 4000 MW si valeur unique (sinon 2800/4300 MW). 2040 : +1000 MW. 2050 : +1000 MW,"PyPSA Link: bus0=BE, bus1=FR, carrier=AC, p_nom_extendable=True",Revue de littérature,5150,"data/walloon/ntc_2050.csv -> mean of the BEL-FRA rows, applied by scripts/walloon_scripts/set_NTCs.py (electricity: apply_ntc_constraints)"
technology,Cross-border interconnection,NTC (Capacité de transfert net) BE-LU,,,p_nom_max,2030,,300.0,MW,Hypothèse TYNDP prolongé sur consultation avec expert ELIA,,"PyPSA Link: bus0=BE, bus1=LU, carrier=AC, p_nom_extendable=True",Revue de littérature,240,"data/walloon/ntc_2030.csv -> mean of the BEL-LUX rows, applied by scripts/walloon_scripts/set_NTCs.py (electricity: apply_ntc_constraints)"
technology,Cross-border interconnection,NTC (Capacité de transfert net) BE-LU,,,p_nom_max,2040,,300.0,MW,Hypothèse TYNDP prolongé sur consultation avec expert ELIA,,"PyPSA Link: bus0=BE, bus1=LU, carrier=AC, p_nom_extendable=True",Revue de littérature,240,"data/walloon/ntc_2040.csv -> mean of the BEL-LUX rows, applied by scripts/walloon_scripts/set_NTCs.py (electricity: apply_ntc_constraints)"
technology,Cross-border interconnection,NTC (Capacité de transfert net) BE-LU,,,p_nom_max,2050,,1000.0,MW,Hypothèse TYNDP prolongé sur consultation avec expert ELIA,,"PyPSA Link: bus0=BE, bus1=LU, carrier=AC, p_nom_extendable=True",Revue de littérature,590,"data/walloon/ntc_2050.csv -> mean of the BEL-LUX rows, applied by scripts/walloon_scripts/set_NTCs.py (electricity: apply_ntc_constraints)"
technology,Cross-border interconnection,NTC (Capacité de transfert net) BE-NL,,,p_nom_max,2030,,3400.0,MW,Hypothèse TYNDP prolongé sur consultation avec expert ELIA,2040 : +1000 MW. 2050 : +1000/1500 MW,"PyPSA Link: bus0=BE, bus1=NL, carrier=AC, p_nom_extendable=True",Revue de littérature,3400,"data/walloon/ntc_2030.csv -> mean of the BEL-NLD rows, applied by scripts/walloon_scripts/set_NTCs.py (electricity: apply_ntc_constraints)"
technology,Cross-border interconnection,NTC (Capacité de transfert net) BE-NL,,,p_nom_max,2040,,4400.0,MW,Hypothèse TYNDP prolongé sur consultation avec expert ELIA,2040 : +1000 MW. 2050 : +1000/1500 MW,"PyPSA Link: bus0=BE, bus1=NL, carrier=AC, p_nom_extendable=True",Revue de littérature,3900,"data/walloon/ntc_2040.csv -> mean of the BEL-NLD rows, applied by scripts/walloon_scripts/set_NTCs.py (electricity: apply_ntc_constraints)"
technology,Cross-border interconnection,NTC (Capacité de transfert net) BE-NL,,,p_nom_max,2050,,6000.0,MW,Hypothèse TYNDP prolongé sur consultation avec expert ELIA,2040 : +1000 MW. 2050 : +1000/1500 MW,"PyPSA Link: bus0=BE, bus1=NL, carrier=AC, p_nom_extendable=True",Revue de littérature,4700,"data/walloon/ntc_2050.csv -> mean of the BEL-NLD rows, applied by scripts/walloon_scripts/set_NTCs.py (electricity: apply_ntc_constraints)"
technology,Cross-border interconnection,NTC (Capacité de transfert net) BE-UK,,,p_nom_max,2030,,1000.0,MW,Hypothèse TYNDP prolongé sur consultation avec expert ELIA,2040 : +1400 MW (+Nautilus),"PyPSA Link: bus0=BE, bus1=GB, carrier=DC, p_nom_extendable=True",Revue de littérature,1700,"data/walloon/ntc_2030.csv -> mean of the BEL-GBR rows, applied by scripts/walloon_scripts/set_NTCs.py (electricity: apply_ntc_constraints)"
technology,Cross-border interconnection,NTC (Capacité de transfert net) BE-UK,,,p_nom_max,2040,,2400.0,MW,Hypothèse TYNDP prolongé sur consultation avec expert ELIA,2040 : +1400 MW (+Nautilus),"PyPSA Link: bus0=BE, bus1=GB, carrier=DC, p_nom_extendable=True",Revue de littérature,2400,"data/walloon/ntc_2040.csv -> mean of the BEL-GBR rows, applied by scripts/walloon_scripts/set_NTCs.py (electricity: apply_ntc_constraints)"
technology,Cross-border interconnection,NTC (Capacité de transfert net) BE-UK,,,p_nom_max,2050,,2400.0,MW,Hypothèse TYNDP prolongé sur consultation avec expert ELIA,2040 : +1400 MW (+Nautilus),"PyPSA Link: bus0=BE, bus1=GB, carrier=DC, p_nom_extendable=True",Revue de littérature,2400,"data/walloon/ntc_2050.csv -> mean of the BEL-GBR rows, applied by scripts/walloon_scripts/set_NTCs.py (electricity: apply_ntc_constraints)"
technology,Cross-border interconnection,NTC (Capacité de transfert net) BE-offshore,,,p_nom_max,2030,,0.0,MW,Hypothèse TYNDP prolongé sur consultation avec expert ELIA,Interconnexions offshore / mer du Nord (horizon 2050),"PyPSA Link: bus0=BE, bus1=offshore hub (North Sea), carrier=DC, p_nom_extendable=True",Revue de littérature,,"not represented: pypsa-wal has no BE offshore hub bus, so there is no BE-offshore interconnector to size"
technology,Cross-border interconnection,NTC (Capacité de transfert net) BE-offshore,,,p_nom_max,2040,,0.0,MW,Hypothèse TYNDP prolongé sur consultation avec expert ELIA,Interconnexions offshore / mer du Nord (horizon 2050),"PyPSA Link: bus0=BE, bus1=DE, carrier=DC, p_nom_extendable=True",Revue de littérature,,"not represented: pypsa-wal has no BE offshore hub bus, so there is no BE-offshore interconnector to size"
technology,Cross-border interconnection,NTC (Capacité de transfert net) BE-offshore,,,p_nom_max,2050,,4000.0,MW,Hypothèse TYNDP prolongé sur consultation avec expert ELIA,Interconnexions offshore / mer du Nord (horizon 2050),"PyPSA Link: bus0=BE, bus1=DE, carrier=DC, p_nom_extendable=True",Revue de littérature,,"not represented: pypsa-wal has no BE offshore hub bus, so there is no BE-offshore interconnector to size"
technology,Electricity storage,Onduleur pour batterie,battery inverter,,FOM,2030,,0.3375,%/year,Danish Energy Agency technology catalog,See Note A for a complete list of external references cited in DEA tech catalog,,PyPSA,0.3375,"resources/walloon-model/costs_2030_processed.csv -> 'battery inverter'.FOM, set by technology-data (upstream default)"
technology,Electricity storage,Onduleur pour batterie,battery inverter,,FOM,2040,,0.54,%/year,Danish Energy Agency technology catalog,See Note A for a complete list of external references cited in DEA tech catalog,,PyPSA,0.54,"resources/walloon-model/costs_2040_processed.csv -> 'battery inverter'.FOM, set by technology-data (upstream default)"
technology,Electricity storage,Onduleur pour batterie,battery inverter,,FOM,2050,,0.9,%/year,Danish Energy Agency technology catalog,See Note A for a complete list of external references cited in DEA tech catalog,,PyPSA,0.9,"resources/walloon-model/costs_2050_processed.csv -> 'battery inverter'.FOM, set by technology-data (upstream default)"
technology,Electricity storage,Onduleur pour batterie,battery inverter,,efficiency,2030,,0.96,-,Danish Energy Agency technology catalog,See Note A for a complete list of external references cited in DEA tech catalog,,PyPSA,0.96,"resources/walloon-model/costs_2030_processed.csv -> 'battery inverter'.efficiency, set by technology-data (upstream default)"
technology,Electricity storage,Onduleur pour batterie,battery inverter,,efficiency,2040,,0.96,-,Danish Energy Agency technology catalog,See Note A for a complete list of external references cited in DEA tech catalog,,PyPSA,0.96,"resources/walloon-model/costs_2040_processed.csv -> 'battery inverter'.efficiency, set by technology-data (upstream default)"
technology,Electricity storage,Onduleur pour batterie,battery inverter,,efficiency,2050,,0.96,-,Danish Energy Agency technology catalog,See Note A for a complete list of external references cited in DEA tech catalog,,PyPSA,0.96,"resources/walloon-model/costs_2050_processed.csv -> 'battery inverter'.efficiency, set by technology-data (upstream default)"
technology,Electricity storage,Onduleur pour batterie,battery inverter,,investment,2030,,170.144,EUR/kW_e,Danish Energy Agency technology catalog,See Note A for a complete list of external references cited in DEA tech catalog,,PyPSA,213.928,"resources/walloon-model/costs_2030_processed.csv -> 'battery inverter'.investment, set by technology-data (upstream default), EUR2020 basis"
technology,Electricity storage,Onduleur pour batterie,battery inverter,,investment,2040,,106.34,EUR/kW_e,Danish Energy Agency technology catalog,See Note A for a complete list of external references cited in DEA tech catalog,,PyPSA,133.705,"resources/walloon-model/costs_2040_processed.csv -> 'battery inverter'.investment, set by technology-data (upstream default), EUR2020 basis"
technology,Electricity storage,Onduleur pour batterie,battery inverter,,investment,2050,,63.804,EUR/kW_e,Danish Energy Agency technology catalog,See Note A for a complete list of external references cited in DEA tech catalog,,PyPSA,80.223,"resources/walloon-model/costs_2050_processed.csv -> 'battery inverter'.investment, set by technology-data (upstream default), EUR2020 basis"
technology,Electricity storage,Onduleur pour batterie,battery inverter,,lifetime,2030,,10.0,year,Danish Energy Agency technology catalog,See Note A for a complete list of external references cited in DEA tech catalog,,PyPSA,10,"resources/walloon-model/costs_2030_processed.csv -> 'battery inverter'.lifetime, set by data/walloon/custom_costs_rc.csv"
technology,Electricity storage,Onduleur pour batterie,battery inverter,,lifetime,2040,,10.0,year,Danish Energy Agency technology catalog,See Note A for a complete list of external references cited in DEA tech catalog,,PyPSA,10,"resources/walloon-model/costs_2040_processed.csv -> 'battery inverter'.lifetime, set by data/walloon/custom_costs_rc.csv"
technology,Electricity storage,Onduleur pour batterie,battery inverter,,lifetime,2050,,10.0,year,Danish Energy Agency technology catalog,See Note A for a complete list of external references cited in DEA tech catalog,,PyPSA,10,"resources/walloon-model/costs_2050_processed.csv -> 'battery inverter'.lifetime, set by data/walloon/custom_costs_rc.csv"
technology,Electricity production,Panneaux photovoltaïques installés en toiture,solar rooftop,ERNW_PV-Buildings_SOL_N,FOM,2030,,1.4234,%/year,Average value of rooftop solar for commercial and residential installations (Danish Energy Agency technology catalog),"Inverter cost is annualized over the 12,5 year inverter lifespan and is the primary O&M cost",,PyPSA,1.4234,"resources/walloon-model/costs_2030_processed.csv -> 'solar-rooftop'.FOM, set by technology-data (upstream default)"
technology,Electricity production,Panneaux photovoltaïques installés en toiture,solar rooftop,ERNW_PV-Buildings_SOL_N,FOM,2040,,1.5552,%/year,Average value of rooftop solar for commercial and residential installations (Danish Energy Agency technology catalog),"Inverter cost is annualized over the 12,5 year inverter lifespan and is the primary O&M cost",,PyPSA,1.5552,"resources/walloon-model/costs_2040_processed.csv -> 'solar-rooftop'.FOM, set by technology-data (upstream default)"
technology,Electricity production,Panneaux photovoltaïques installés en toiture,solar rooftop,ERNW_PV-Buildings_SOL_N,FOM,2050,,1.6059,%/year,Average value of rooftop solar for commercial and residential installations (Danish Energy Agency technology catalog),"Inverter cost is annualized over the 12,5 year inverter lifespan and is the primary O&M cost",,PyPSA,1.6059,"resources/walloon-model/costs_2050_processed.csv -> 'solar-rooftop'.FOM, set by technology-data (upstream default)"
technology,Electricity production,Panneaux photovoltaïques installés en toiture,solar rooftop,ERNW_PV-Buildings_SOL_N,investment,2030,,875.0,EUR/kW_e,IEA PVPS,"Etude de marché en Hollande en 2023, moyenne entre une installation résidentielle et une installation tertiaire en toiture (avec 50% du CAPEX d'une installation résidentielle, 25% d'une petite installation tertiaire et 25% d'une grande installation tertiaire)",,Revue de littérature,875,"resources/walloon-model/costs_2030_processed.csv -> 'solar-rooftop'.investment, set by data/walloon/custom_costs_rc.csv, EUR2020 basis"
technology,Electricity production,Panneaux photovoltaïques installés en toiture,solar rooftop,ERNW_PV-Buildings_SOL_N,investment,2040,,875.0,EUR/kW_e,IEA PVPS,"Etude de marché en Hollande en 2023, moyenne entre une installation résidentielle et une installation tertiaire en toiture (avec 50% du CAPEX d'une installation résidentielle, 25% d'une petite installation tertiaire et 25% d'une grande installation tertiaire)",,Revue de littérature,875,"resources/walloon-model/costs_2040_processed.csv -> 'solar-rooftop'.investment, set by data/walloon/custom_costs_rc.csv, EUR2020 basis"
technology,Electricity production,Panneaux photovoltaïques installés en toiture,solar rooftop,ERNW_PV-Buildings_SOL_N,investment,2050,,875.0,EUR/kW_e,IEA PVPS,"Etude de marché en Hollande en 2023, moyenne entre une installation résidentielle et une installation tertiaire en toiture (avec 50% du CAPEX d'une installation résidentielle, 25% d'une petite installation tertiaire et 25% d'une grande installation tertiaire)",,Revue de littérature,875,"resources/walloon-model/costs_2050_processed.csv -> 'solar-rooftop'.investment, set by data/walloon/custom_costs_rc.csv, EUR2020 basis"
technology,Electricity production,Panneaux photovoltaïques installés en toiture,solar rooftop,ERNW_PV-Buildings_SOL_N,lifetime,2030,,40.0,year,Average value of rooftop solar for commercial and residential installations (Danish Energy Agency technology catalog),Assumption,,PyPSA,25,"resources/walloon-model/costs_2030_processed.csv -> 'solar-rooftop'.lifetime, set by data/walloon/custom_costs_rc.csv"
technology,Electricity production,Panneaux photovoltaïques installés en toiture,solar rooftop,ERNW_PV-Buildings_SOL_N,lifetime,2040,,40.0,year,Average value of rooftop solar for commercial and residential installations (Danish Energy Agency technology catalog),Assumption,,PyPSA,25,"resources/walloon-model/costs_2040_processed.csv -> 'solar-rooftop'.lifetime, set by data/walloon/custom_costs_rc.csv"
technology,Electricity production,Panneaux photovoltaïques installés en toiture,solar rooftop,ERNW_PV-Buildings_SOL_N,lifetime,2050,,40.0,year,Average value of rooftop solar for commercial and residential installations (Danish Energy Agency technology catalog),Assumption,,PyPSA,25,"resources/walloon-model/costs_2050_processed.csv -> 'solar-rooftop'.lifetime, set by data/walloon/custom_costs_rc.csv"
technology,Electricity production,Parc éolien en mer (offshore),offwind,,FOM,2030,,2.3185,%/year,Danish Energy Agency technology catalog,Assumed 80% of annual O&M costs based on two Danish offshore projects (Horns Rev 3 and Kriegers Flak),,PyPSA,2.3185,"resources/walloon-model/costs_2030_processed.csv -> 'offwind'.FOM, set by technology-data (upstream default)"
technology,Electricity production,Parc éolien en mer (offshore),offwind,,FOM,2040,,2.1762,%/year,Danish Energy Agency technology catalog,"Assumed 80% of annual O&M costs based on two Danish offshore projects (Horns Rev 3 and Kriegers Flak), projected out.",,PyPSA,2.1762,"resources/walloon-model/costs_2040_processed.csv -> 'offwind'.FOM, set by technology-data (upstream default)"
technology,Electricity production,Parc éolien en mer (offshore),offwind,,FOM,2050,,2.1655,%/year,Danish Energy Agency technology catalog,"Assumed 80% of annual O&M costs based on two Danish offshore projects (Horns Rev 3 and Kriegers Flak), projected out.",,PyPSA,2.1655,"resources/walloon-model/costs_2050_processed.csv -> 'offwind'.FOM, set by technology-data (upstream default)"
technology,Electricity production,Parc éolien en mer (offshore),offwind,,VOM,2030,,0.0212,EUR/MWh_e,RES costs made up to fix curtailment order,,,PyPSA,0.0267,"resources/walloon-model/costs_2030_processed.csv -> 'offwind'.VOM, set by technology-data (upstream default), EUR2015 basis"
technology,Electricity production,Parc éolien en mer (offshore),offwind,,VOM,2040,,0.0212,EUR/MWh_e,RES costs made up to fix curtailment order,,,PyPSA,0.0267,"resources/walloon-model/costs_2040_processed.csv -> 'offwind'.VOM, set by technology-data (upstream default), EUR2015 basis"
technology,Electricity production,Parc éolien en mer (offshore),offwind,,VOM,2050,,0.0212,EUR/MWh_e,RES costs made up to fix curtailment order,,,PyPSA,0.0267,"resources/walloon-model/costs_2050_processed.csv -> 'offwind'.VOM, set by technology-data (upstream default), EUR2015 basis"
technology,Electricity production,Parc éolien en mer (offshore),offwind,,investment,2030,,1682.1226,EUR/kW_e,Danish Energy Agency technology catalog,EA Energy Analyse/Cowi April 20 slide 25: https://www.ea-energianalyse.dk/wp-content/uploads/2020/05/1949_Offshore-wind-and-infrastructure.pdf,,PyPSA,2114.99,"resources/walloon-model/costs_2030_processed.csv -> 'offwind'.investment, set by technology-data (upstream default), EUR2020 basis"
technology,Electricity production,Parc éolien en mer (offshore),offwind,,investment,2040,,1562.3661,EUR/kW_e,Danish Energy Agency technology catalog,EA Energy Analyse/Cowi April 20 slide 25: https://www.ea-energianalyse.dk/wp-content/uploads/2020/05/1949_Offshore-wind-and-infrastructure.pdf,,PyPSA,1964.42,"resources/walloon-model/costs_2040_processed.csv -> 'offwind'.investment, set by technology-data (upstream default), EUR2020 basis"
technology,Electricity production,Parc éolien en mer (offshore),offwind,,investment,2050,,1523.9311,EUR/kW_e,Danish Energy Agency technology catalog,EA Energy Analyse/Cowi April 20 slide 25: https://www.ea-energianalyse.dk/wp-content/uploads/2020/05/1949_Offshore-wind-and-infrastructure.pdf,,PyPSA,1916.09,"resources/walloon-model/costs_2050_processed.csv -> 'offwind'.investment, set by technology-data (upstream default), EUR2020 basis"
technology,Electricity production,Parc éolien en mer (offshore),offwind,,lifetime,2030,,30.0,year,Danish Energy Agency technology catalog,Based on experience with Danish offshore wind projects,,PyPSA,30,"resources/walloon-model/costs_2030_processed.csv -> 'offwind'.lifetime, set by technology-data (upstream default)"
technology,Electricity production,Parc éolien en mer (offshore),offwind,,lifetime,2040,,30.0,year,Danish Energy Agency technology catalog,Based on experience with Danish offshore wind projects,,PyPSA,30,"resources/walloon-model/costs_2040_processed.csv -> 'offwind'.lifetime, set by technology-data (upstream default)"
technology,Electricity production,Parc éolien en mer (offshore),offwind,,lifetime,2050,,30.0,year,Danish Energy Agency technology catalog,Based on experience with Danish offshore wind projects,,PyPSA,30,"resources/walloon-model/costs_2050_processed.csv -> 'offwind'.lifetime, set by technology-data (upstream default)"
flexibility,,Part des voitures utilisant la recharge intelligente,Share of cars doing smart charging,,,,,,,,,,PyPSA,50,config/config.default.yaml: sector: bev_dsm_availability (per unit)
technology,Flexibility,Part des voitures utilisant la recharge intelligente,Share of cars doing smart charging,,share,2030,,50.0,%,Modeller's choice (default PyPSA value),,,PyPSA,50,config/config.default.yaml: sector: bev_dsm_availability (per unit)
technology,Flexibility,Part des voitures utilisant la recharge intelligente,Share of cars doing smart charging,,share,2040,,50.0,%,Modeller's choice (default PyPSA value),,,PyPSA,50,config/config.default.yaml: sector: bev_dsm_availability (per unit)
technology,Flexibility,Part des voitures utilisant la recharge intelligente,Share of cars doing smart charging,,share,2050,,50.0,%,Modeller's choice (default PyPSA value),,,PyPSA,50,config/config.default.yaml: sector: bev_dsm_availability (per unit)
flexibility,,Part maximale de voitures électriques branchées simultanément,Maximum share of passenger BEV plugged-in simultaneously,,,,,,,,,,PyPSA,95,config/config.default.yaml: sector: bev_avail_max (per unit)
technology,Flexibility,Part maximale de voitures électriques branchées simultanément,Maximum share of passenger BEV plugged-in simultaneously,,share,2030,,95.0,%,Modeller's choice (default PyPSA value),,,PyPSA,95,config/config.default.yaml: sector: bev_avail_max (per unit)
technology,Flexibility,Part maximale de voitures électriques branchées simultanément,Maximum share of passenger BEV plugged-in simultaneously,,share,2040,,95.0,%,Modeller's choice (default PyPSA value),,,PyPSA,95,config/config.default.yaml: sector: bev_avail_max (per unit)
technology,Flexibility,Part maximale de voitures électriques branchées simultanément,Maximum share of passenger BEV plugged-in simultaneously,,share,2050,,95.0,%,Modeller's choice (default PyPSA value),,,PyPSA,95,config/config.default.yaml: sector: bev_avail_max (per unit)
flexibility,,Part moyenne de voitures électriques branchées simultanément,Mean share of passenger BEV plugged-in simultaneously,,,,,,,,,,PyPSA,80,config/config.default.yaml: sector: bev_avail_mean (per unit)
technology,Flexibility,Part moyenne de voitures électriques branchées simultanément,Mean share of passenger BEV plugged-in simultaneously,,share,2030,,80.0,%,Modeller's choice (default PyPSA value),,,PyPSA,80,config/config.default.yaml: sector: bev_avail_mean (per unit)
technology,Flexibility,Part moyenne de voitures électriques branchées simultanément,Mean share of passenger BEV plugged-in simultaneously,,share,2040,,80.0,%,Modeller's choice (default PyPSA value),,,PyPSA,80,config/config.default.yaml: sector: bev_avail_mean (per unit)
technology,Flexibility,Part moyenne de voitures électriques branchées simultanément,Mean share of passenger BEV plugged-in simultaneously,,share,2050,,80.0,%,Modeller's choice (default PyPSA value),,,PyPSA,80,config/config.default.yaml: sector: bev_avail_mean (per unit)
demand_driver,Transport,Passagers,,,,,,,vkm,BFP  «Perspectives de la demande de transport à l’horizon 2040»,Scénario de référence : globalement à la hausse. Basé sur l'étude long terme transport du BFP,,TIMES,,not a pypsa-wal input: activity drivers stay inside TIMES; pypsa-wal receives the resulting final-energy demands through the soft-link (resources/<run>/wallon_demands_<year>.csv)
technology,Electricity production,Petit réacteur nucléaire modulaire (SMR),Nuclear (SMR),,investment,2030,,11400.0,EUR/kW_e,Mecatech,,Basé sur une présentation du prof Thomas Pardoen. Un surcoût de 20% est attendu par rapport au nucléaire classique,Revue de littérature,,"no nuclear-SMR technology in pypsa-wal (extendable nuclear uses the 'nuclear' cost row). NB data/walloon/custom_costs_rc.csv overrides 'SMR' investment=11400 EUR/kW and lifetime=60 a, but 'SMR' in pypsa-eur is steam methane reforming"
technology,Electricity production,Petit réacteur nucléaire modulaire (SMR),Nuclear (SMR),,investment,2040,,11400.0,EUR/kW_e,Mecatech,,Basé sur une présentation du prof Thomas Pardoen. Un surcoût de 20% est attendu par rapport au nucléaire classique,Revue de littérature,,"no nuclear-SMR technology in pypsa-wal (extendable nuclear uses the 'nuclear' cost row). NB data/walloon/custom_costs_rc.csv overrides 'SMR' investment=11400 EUR/kW and lifetime=60 a, but 'SMR' in pypsa-eur is steam methane reforming"
technology,Electricity production,Petit réacteur nucléaire modulaire (SMR),Nuclear (SMR),,investment,2050,,11400.0,EUR/kW_e,Mecatech,,Basé sur une présentation du prof Thomas Pardoen. Un surcoût de 20% est attendu par rapport au nucléaire classique,Revue de littérature,,"no nuclear-SMR technology in pypsa-wal (extendable nuclear uses the 'nuclear' cost row). NB data/walloon/custom_costs_rc.csv overrides 'SMR' investment=11400 EUR/kW and lifetime=60 a, but 'SMR' in pypsa-eur is steam methane reforming"
technology,Electricity production,Pile à combustible,fuel cell,,FOM,2030,,5.0,%/year,Danish Energy Agency technology catalog,Assumption,,PyPSA,5,"resources/walloon-model/costs_2030_processed.csv -> 'fuel cell'.FOM, set by technology-data (upstream default)"
technology,Electricity production,Pile à combustible,fuel cell,,FOM,2040,,5.0,%/year,Danish Energy Agency technology catalog,Assumption,,PyPSA,5,"resources/walloon-model/costs_2040_processed.csv -> 'fuel cell'.FOM, set by technology-data (upstream default)"
technology,Electricity production,Pile à combustible,fuel cell,,FOM,2050,,5.0,%/year,Danish Energy Agency technology catalog,Assumption,,PyPSA,5,"resources/walloon-model/costs_2050_processed.csv -> 'fuel cell'.FOM, set by technology-data (upstream default)"
technology,Electricity production,Pile à combustible,fuel cell,,efficiency,2030,,0.5,,Danish Energy Agency technology catalog,See Note C for a list of relevant references DEA tech catalog,,PyPSA,0.5,"resources/walloon-model/costs_2030_processed.csv -> 'fuel cell'.efficiency, set by technology-data (upstream default)"
technology,Electricity production,Pile à combustible,fuel cell,,efficiency,2040,,0.5,,Danish Energy Agency technology catalog,See Note C for a list of relevant references DEA tech catalog,,PyPSA,0.5,"resources/walloon-model/costs_2040_processed.csv -> 'fuel cell'.efficiency, set by technology-data (upstream default)"
technology,Electricity production,Pile à combustible,fuel cell,,efficiency,2050,,0.5,,Danish Energy Agency technology catalog,See Note C for a list of relevant references DEA tech catalog,,PyPSA,0.5,"resources/walloon-model/costs_2050_processed.csv -> 'fuel cell'.efficiency, set by technology-data (upstream default)"
technology,Electricity production,Pile à combustible,fuel cell,,investment,2030,,1164.0438,EUR/kW_e,Danish Energy Agency technology catalog,"Ea Energy Analyses et al. 2016, Technology Data for Hydrogen Technologies.",,PyPSA,1469.38,"resources/walloon-model/costs_2030_processed.csv -> 'fuel cell'.investment, set by technology-data (upstream default), EUR2015 basis"
technology,Electricity production,Pile à combustible,fuel cell,,investment,2040,,1005.3105,EUR/kW_e,Danish Energy Agency technology catalog,"Ea Energy Analyses et al. 2016, Technology Data for Hydrogen Technologies.",,PyPSA,1269.01,"resources/walloon-model/costs_2040_processed.csv -> 'fuel cell'.investment, set by technology-data (upstream default), EUR2015 basis"
technology,Electricity production,Pile à combustible,fuel cell,,investment,2050,,846.5773,EUR/kW_e,Danish Energy Agency technology catalog,"Ea Energy Analyses et al. 2016, Technology Data for Hydrogen Technologies.",,PyPSA,1068.64,"resources/walloon-model/costs_2050_processed.csv -> 'fuel cell'.investment, set by technology-data (upstream default), EUR2015 basis"
technology,Electricity production,Pile à combustible,fuel cell,,lifetime,2030,,10.0,year,Danish Energy Agency technology catalog,Practical data and expert opinion from Dantherm Power,,PyPSA,10,"resources/walloon-model/costs_2030_processed.csv -> 'fuel cell'.lifetime, set by technology-data (upstream default)"
technology,Electricity production,Pile à combustible,fuel cell,,lifetime,2040,,10.0,year,Danish Energy Agency technology catalog,Practical data and expert opinion from Dantherm Power,,PyPSA,10,"resources/walloon-model/costs_2040_processed.csv -> 'fuel cell'.lifetime, set by technology-data (upstream default)"
technology,Electricity production,Pile à combustible,fuel cell,,lifetime,2050,,10.0,year,Danish Energy Agency technology catalog,Practical data and expert opinion from Dantherm Power,,PyPSA,10,"resources/walloon-model/costs_2050_processed.csv -> 'fuel cell'.lifetime, set by technology-data (upstream default)"
technology,CO2 pipeline,Pipeline CO₂ sous-marin,CO2 submarine pipeline,,FOM,2030,,0.5,%/year,"Danish Energy Agency, Technology Data for Energy Transport (March 2021), Excel datasheet: 121 co2 pipeline.",,,PyPSA,0.5,"resources/walloon-model/costs_2030_processed.csv -> 'CO2 submarine pipeline'.FOM, set by technology-data (upstream default)"
technology,CO2 pipeline,Pipeline CO₂ sous-marin,CO2 submarine pipeline,,FOM,2040,,0.5,%/year,"Danish Energy Agency, Technology Data for Energy Transport (March 2021), Excel datasheet: 121 co2 pipeline.",,,PyPSA,0.5,"resources/walloon-model/costs_2040_processed.csv -> 'CO2 submarine pipeline'.FOM, set by technology-data (upstream default)"
technology,CO2 pipeline,Pipeline CO₂ sous-marin,CO2 submarine pipeline,,FOM,2050,,0.5,%/year,"Danish Energy Agency, Technology Data for Energy Transport (March 2021), Excel datasheet: 121 co2 pipeline.",,,PyPSA,0.5,"resources/walloon-model/costs_2050_processed.csv -> 'CO2 submarine pipeline'.FOM, set by technology-data (upstream default)"
technology,CO2 pipeline,Pipeline CO₂ sous-marin,CO2 submarine pipeline,,investment,2030,,4232.8865,EUR/(tCO2/h)/km,"Danish Energy Agency, Technology Data for Energy Transport (March 2021), Excel datasheet: 121 co2 pipeline.",Assuming the 120-500 t CO2/h range that is based on cost of a 12 inch offshore pipeline.,,PyPSA,5343.21,"resources/walloon-model/costs_2030_processed.csv -> 'CO2 submarine pipeline'.investment, set by technology-data (upstream default), EUR2015 basis"
technology,CO2 pipeline,Pipeline CO₂ sous-marin,CO2 submarine pipeline,,investment,2040,,4232.8865,EUR/(tCO2/h)/km,"Danish Energy Agency, Technology Data for Energy Transport (March 2021), Excel datasheet: 121 co2 pipeline.",Assuming the 120-500 t CO2/h range that is based on cost of a 12 inch offshore pipeline.,,PyPSA,5343.21,"resources/walloon-model/costs_2040_processed.csv -> 'CO2 submarine pipeline'.investment, set by technology-data (upstream default), EUR2015 basis"
technology,CO2 pipeline,Pipeline CO₂ sous-marin,CO2 submarine pipeline,,investment,2050,,4232.8865,EUR/(tCO2/h)/km,"Danish Energy Agency, Technology Data for Energy Transport (March 2021), Excel datasheet: 121 co2 pipeline.",Assuming the 120-500 t CO2/h range that is based on cost of a 12 inch offshore pipeline.,,PyPSA,5343.21,"resources/walloon-model/costs_2050_processed.csv -> 'CO2 submarine pipeline'.investment, set by technology-data (upstream default), EUR2015 basis"
technology,CO2 pipeline,Pipeline CO₂ terrestre,CO2 pipeline,,FOM,2030,,0.9,%/year,"Danish Energy Agency, Technology Data for Energy Transport (March 2021), Excel datasheet: 121 co2 pipeline.",,,PyPSA,0.9,"resources/walloon-model/costs_2030_processed.csv -> 'CO2 pipeline'.FOM, set by technology-data (upstream default)"
technology,CO2 pipeline,Pipeline CO₂ terrestre,CO2 pipeline,,FOM,2040,,0.9,%/year,"Danish Energy Agency, Technology Data for Energy Transport (March 2021), Excel datasheet: 121 co2 pipeline.",,,PyPSA,0.9,"resources/walloon-model/costs_2040_processed.csv -> 'CO2 pipeline'.FOM, set by technology-data (upstream default)"
technology,CO2 pipeline,Pipeline CO₂ terrestre,CO2 pipeline,,FOM,2050,,0.9,%/year,"Danish Energy Agency, Technology Data for Energy Transport (March 2021), Excel datasheet: 121 co2 pipeline.",,,PyPSA,0.9,"resources/walloon-model/costs_2050_processed.csv -> 'CO2 pipeline'.FOM, set by technology-data (upstream default)"
technology,CO2 pipeline,Pipeline CO₂ terrestre,CO2 pipeline,,investment,2030,,2116.4433,EUR/(tCO2/h)/km,"Danish Energy Agency, Technology Data for Energy Transport (March 2021), Excel datasheet: 121 co2 pipeline.",Assuming the 120-500 t CO2/h range that is based on cost of a 12 inch onshore pipeline.,,PyPSA,2671.61,"resources/walloon-model/costs_2030_processed.csv -> 'CO2 pipeline'.investment, set by technology-data (upstream default), EUR2015 basis"
technology,CO2 pipeline,Pipeline CO₂ terrestre,CO2 pipeline,,investment,2040,,2116.4433,EUR/(tCO2/h)/km,"Danish Energy Agency, Technology Data for Energy Transport (March 2021), Excel datasheet: 121 co2 pipeline.",Assuming the 120-500 t CO2/h range that is based on cost of a 12 inch onshore pipeline.,,PyPSA,2671.61,"resources/walloon-model/costs_2040_processed.csv -> 'CO2 pipeline'.investment, set by technology-data (upstream default), EUR2015 basis"
technology,CO2 pipeline,Pipeline CO₂ terrestre,CO2 pipeline,,investment,2050,,2116.4433,EUR/(tCO2/h)/km,"Danish Energy Agency, Technology Data for Energy Transport (March 2021), Excel datasheet: 121 co2 pipeline.",Assuming the 120-500 t CO2/h range that is based on cost of a 12 inch onshore pipeline.,,PyPSA,2671.61,"resources/walloon-model/costs_2050_processed.csv -> 'CO2 pipeline'.investment, set by technology-data (upstream default), EUR2015 basis"
technology,CO2 pipeline,Pipeline CO₂ terrestre,CO2 pipeline,,lifetime,2030,,50.0,years,"Danish Energy Agency, Technology Data for Energy Transport (March 2021), Excel datasheet: 121 co2 pipeline.",,,PyPSA,50,"resources/walloon-model/costs_2030_processed.csv -> 'CO2 pipeline'.lifetime, set by technology-data (upstream default)"
technology,CO2 pipeline,Pipeline CO₂ terrestre,CO2 pipeline,,lifetime,2040,,50.0,years,"Danish Energy Agency, Technology Data for Energy Transport (March 2021), Excel datasheet: 121 co2 pipeline.",,,PyPSA,50,"resources/walloon-model/costs_2040_processed.csv -> 'CO2 pipeline'.lifetime, set by technology-data (upstream default)"
technology,CO2 pipeline,Pipeline CO₂ terrestre,CO2 pipeline,,lifetime,2050,,50.0,years,"Danish Energy Agency, Technology Data for Energy Transport (March 2021), Excel datasheet: 121 co2 pipeline.",,,PyPSA,50,"resources/walloon-model/costs_2050_processed.csv -> 'CO2 pipeline'.lifetime, set by technology-data (upstream default)"
local_RES_potential,,Potentiel chaleur fatale,waste heat,,potential_wal,,,4523.0,GWh/an,(1) ICEDD - Evaluation du potentiel de chaleur fatale en Wallonie et (2) PNEC 2023,,,Revue de littérature,,"data/walloon/custom_potentials.csv carries 4523 GWh/a as 'waste heat'/potential_wal, but BEWAL_potentials.py has no branch for it and only logs a warning; industrial waste heat in pypsa-wal is derived from process activity (sector: use_*_waste_heat)"
local_RES_potential,,Potentiel d'import de biomasse solide (pellets) (Europe),Import solid biomass (pellets) potential (europe),,,,,,,,,,Revue de littérature,1390,"config/config.default.yaml: sector: solid_biomass_import: max_amount (TWh/a, EU-wide)"
local_RES_potential,,Potentiel d'import de biométhane (Europe),Import biomethane potential (only Europe),,,,,,,,,,Revue de littérature,,no EU biomethane import potential in pypsa-wal; biogas potential is regional and comes from build_biomass_potentials
local_RES_potential,,"Potentiel de biomasse solide (granulés, plaquettes) (Wallonie)","Solid biomass (pellets, chips) potential (Wallonia)",,potential_wal,,,6000.0,GWh/an,Valbiom,,,Revue de littérature,6000,"data/walloon/custom_potentials.csv -> BEWAL/solid biomass/p_nom/2030, applied by scripts/walloon_scripts/BEWAL_potentials.py (electricity: walloon_potentials) -- every scenario in config/scenarios.walloon.yaml points at data/walloon/custom_potentials_corrige.csv instead, where the 2030 value is 11956"
local_RES_potential,,Potentiel d’import de biomasse solide (granulés) (hors europe),Import solid biomass (pellets) potential (oustide europe),,potential,2030,,4000.0,GWh/an,"Bioenergy europe 2025 stat report, extrait par Valbiom",Projections avec centrale COGEN aux pellets,,Revue de littérature,4000,"data/walloon/custom_potentials.csv -> BEWAL/solid biomass import/e_nom/2030, applied by scripts/walloon_scripts/BEWAL_potentials.py (electricity: walloon_potentials) -- every scenario in config/scenarios.walloon.yaml points at data/walloon/custom_potentials_corrige.csv instead, where the 2030 value is 0"
local_RES_potential,,Potentiel d’import de biomasse solide (granulés) (hors europe),Import solid biomass (pellets) potential (oustide europe),,potential,2040,,4500.0,GWh/an,"Bioenergy europe 2025 stat report, extrait par Valbiom",Projections avec centrale COGEN aux pellets,,Revue de littérature,4500,"data/walloon/custom_potentials.csv -> BEWAL/solid biomass import/e_nom/2040, applied by scripts/walloon_scripts/BEWAL_potentials.py (electricity: walloon_potentials) -- every scenario in config/scenarios.walloon.yaml points at data/walloon/custom_potentials_corrige.csv instead, where the 2040 value is 0"
local_RES_potential,,Potentiel d’import de biomasse solide (granulés) (hors europe),Import solid biomass (pellets) potential (oustide europe),,potential,2050,,6000.0,GWh/an,"Bioenergy europe 2025 stat report, extrait par Valbiom",Projections avec centrale COGEN aux pellets,,Revue de littérature,6000,"data/walloon/custom_potentials.csv -> BEWAL/solid biomass import/e_nom/2050, applied by scripts/walloon_scripts/BEWAL_potentials.py (electricity: walloon_potentials) -- every scenario in config/scenarios.walloon.yaml points at data/walloon/custom_potentials_corrige.csv instead, where the 2050 value is 0"
local_RES_potential,,Potentiel geothermie profonde,deep geothermal energy potential,,potential_wal,,,228.0,GWh/an,Resolia,,,Revue de littérature,,"data/walloon/custom_potentials.csv carries 228 GWh/a as 'deep geothermal energy potential'/potential_wal, but BEWAL_potentials.py has no branch for it and only logs a warning; enhanced geothermal is a single EU-wide node (sector: enhanced_geothermal)"
local_RES_potential,,Potentiel local de biogaz (Wallonie),Local biogas potential (Wallonia),,potential_wal,,,8300.0,GWh/an,Valbiom,,,Revue de littérature,8300,"data/walloon/custom_potentials.csv -> BEWAL/biogas/p_nom/2030, applied by scripts/walloon_scripts/BEWAL_potentials.py (electricity: walloon_potentials) -- every scenario in config/scenarios.walloon.yaml points at data/walloon/custom_potentials_corrige.csv instead, where the 2030 value is 7800"
local_RES_potential,,Potentiel éolien onshore (Wallonie),Onshore potential (Wallonia),,,,,,,,,,TIMES,6500,"data/walloon/custom_potentials.csv -> BEWAL/onwind/p_nom_max (MW, same in every horizon)"
energy_price,,Prix de la biomasse solide (pellets) importé,Imported solid biomass (pellets) price,,,,,,,,,,PyPSA,54,"config/config.default.yaml: sector: solid_biomass_import: price (EUR/MWh, flat over horizons)"
energy_price,,Prix de l’hydrogène importé hors Europe,hydrogen import price from outside Europe,,price,2030,2023,97.0,EUR/MWH_H2_PCI,"EnergyVille (2023) PATHS 2050, Central and Electrification Scenarios",,,Revue de littérature,74,config/config.default.yaml: sector: imports: price: H2 (EUR/MWh; sector: imports: enable = False)
energy_price,,Prix de l’hydrogène importé hors Europe,hydrogen import price from outside Europe,,price,2040,2023,88.0,EUR/MWH_H2_PCI,"EnergyVille (2023) PATHS 2050, Central and Electrification Scenarios",2040 est une interpolation entre 2030 et 2050,,Revue de littérature,74,config/config.default.yaml: sector: imports: price: H2 (EUR/MWh; sector: imports: enable = False)
energy_price,,Prix de l’hydrogène importé hors Europe,hydrogen import price from outside Europe,,price,2050,2023,79.0,EUR/MWH_H2_PCI,"EnergyVille (2023) PATHS 2050, Central and Electrification Scenarios",,,Revue de littérature,74,config/config.default.yaml: sector: imports: price: H2 (EUR/MWh; sector: imports: enable = False)
energy_price,,Prix de l’uranium,Uranium cost,,price,2030,,3.4122,EUR/MWh_th,"DIW (2013): Current and propsective costs of electricity generation until 2050, http://hdl.handle.net/10419/80348 , pg. 80 text below figure 10, accessed: 2023-12-14.",Based on IEA 2011 data.,,PyPSA,7.4536,"resources/walloon-model/costs_2030_processed.csv -> 'uranium'.fuel, set by technology-data (upstream default)"
energy_price,,Prix de l’uranium,Uranium cost,,price,2040,,3.4122,EUR/MWh_th,"DIW (2013): Current and propsective costs of electricity generation until 2050, http://hdl.handle.net/10419/80348 , pg. 80 text below figure 10, accessed: 2023-12-14.",Based on IEA 2011 data.,,PyPSA,7.4536,"resources/walloon-model/costs_2040_processed.csv -> 'uranium'.fuel, set by technology-data (upstream default)"
energy_price,,Prix de l’uranium,Uranium cost,,price,2050,,3.4122,EUR/MWh_th,"DIW (2013): Current and propsective costs of electricity generation until 2050, http://hdl.handle.net/10419/80348 , pg. 80 text below figure 10, accessed: 2023-12-14.",Based on IEA 2011 data.,,PyPSA,7.4536,"resources/walloon-model/costs_2050_processed.csv -> 'uranium'.fuel, set by technology-data (upstream default)"
energy_price,,Prix du biométhane importé,Imported biomethane price,,price,2030,,,,,,,PyPSA,,"not a separate price in pypsa-wal: biomethane is domestic biogas upgraded to the gas bus, priced through 'biogas'.fuel and 'biogas upgrading' in resources/walloon-model/costs_<year>_processed.csv"
energy_price,,Prix du biométhane importé,Imported biomethane price,,price,2040,,,,,,,PyPSA,,"not a separate price in pypsa-wal: biomethane is domestic biogas upgraded to the gas bus, priced through 'biogas'.fuel and 'biogas upgrading' in resources/walloon-model/costs_<year>_processed.csv"
energy_price,,Prix du biométhane importé,Imported biomethane price,,price,2050,,,,,,,PyPSA,,"not a separate price in pypsa-wal: biomethane is domestic biogas upgraded to the gas bus, priced through 'biogas'.fuel and 'biogas upgrading' in resources/walloon-model/costs_<year>_processed.csv"
energy_price,0,Prix du charbon,coal price,,price,2030,2023,14.4,EUR/MWh_th,"recommended parameters for reporting GHG projections in 2025”, publié par la Direction générale de l'action pour le climat, département Stratégie, analyse et planification (CLIMA.A)",,,TIMES,14.4,"resources/walloon-model/costs_2030_processed.csv -> 'coal'.fuel, set by data/walloon/custom_costs_rc.csv"
energy_price,0,Prix du charbon,coal price,,price,2040,2023,13.68,EUR/MWh_th,"recommended parameters for reporting GHG projections in 2025”, publié par la Direction générale de l'action pour le climat, département Stratégie, analyse et planification (CLIMA.A)",,,TIMES,13.68,"resources/walloon-model/costs_2040_processed.csv -> 'coal'.fuel, set by data/walloon/custom_costs_rc.csv"
energy_price,0,Prix du charbon,coal price,,price,2050,2023,14.4,EUR/MWh_th,"recommended parameters for reporting GHG projections in 2025”, publié par la Direction générale de l'action pour le climat, département Stratégie, analyse et planification (CLIMA.A)",,,TIMES,14.4,"resources/walloon-model/costs_2050_processed.csv -> 'coal'.fuel, set by data/walloon/custom_costs_rc.csv"
energy_price,0,Prix du gaz naturel,natural gas price,,price,2030,2023,32.4,EUR/MWh_th,"recommended parameters for reporting GHG projections in 2025”, publié par la Direction générale de l'action pour le climat, département Stratégie, analyse et planification (CLIMA.A)",,,TIMES,32.4,"resources/walloon-model/costs_2030_processed.csv -> 'gas'.fuel, set by data/walloon/custom_costs_rc.csv"
energy_price,0,Prix du gaz naturel,natural gas price,,price,2040,2023,36.36,EUR/MWh_th,"recommended parameters for reporting GHG projections in 2025”, publié par la Direction générale de l'action pour le climat, département Stratégie, analyse et planification (CLIMA.A)",,,TIMES,36.36,"resources/walloon-model/costs_2040_processed.csv -> 'gas'.fuel, set by data/walloon/custom_costs_rc.csv"
energy_price,0,Prix du gaz naturel,natural gas price,,price,2050,2023,34.56,EUR/MWh_th,"recommended parameters for reporting GHG projections in 2025”, publié par la Direction générale de l'action pour le climat, département Stratégie, analyse et planification (CLIMA.A)",,,TIMES,34.56,"resources/walloon-model/costs_2050_processed.csv -> 'gas'.fuel, set by data/walloon/custom_costs_rc.csv"
energy_price,0,Prix du pétrole,Oil price,,price,2030,2023,50.04,EUR/MWh_th,"recommended parameters for reporting GHG projections in 2025”, publié par la Direction générale de l'action pour le climat, département Stratégie, analyse et planification (CLIMA.A)",,,TIMES,50.04,"resources/walloon-model/costs_2030_processed.csv -> 'oil'.fuel, set by data/walloon/custom_costs_rc.csv"
energy_price,0,Prix du pétrole,Oil price,,price,2040,2023,56.88,EUR/MWh_th,"recommended parameters for reporting GHG projections in 2025”, publié par la Direction générale de l'action pour le climat, département Stratégie, analyse et planification (CLIMA.A)",,,TIMES,56.88,"resources/walloon-model/costs_2040_processed.csv -> 'oil'.fuel, set by data/walloon/custom_costs_rc.csv"
energy_price,0,Prix du pétrole,Oil price,,price,2050,2023,70.92,EUR/MWh_th,"recommended parameters for reporting GHG projections in 2025”, publié par la Direction générale de l'action pour le climat, département Stratégie, analyse et planification (CLIMA.A)",,,TIMES,70.92,"resources/walloon-model/costs_2050_processed.csv -> 'oil'.fuel, set by data/walloon/custom_costs_rc.csv"
technology,Synthetic fuel production,Production de carburants liquides par procédé Fischer-Tropsch,Fischer-Tropsch,,FOM,2030,2017,3.0,%/year,"Agora Energiewende (2018): The Future Cost of Electricity-Based Synthetic Fuels (https://www.agora-energiewende.de/en/publications/the-future-cost-of-electricity-based-synthetic-fuels-1/), section 6.3.2.1.",,,PyPSA,6.35,"resources/walloon-model/costs_2030_processed.csv -> 'Fischer-Tropsch'.FOM, set by technology-data (upstream default)"
technology,Synthetic fuel production,Production de carburants liquides par procédé Fischer-Tropsch,Fischer-Tropsch,,FOM,2040,2017,3.0,%/year,"Agora Energiewende (2018): The Future Cost of Electricity-Based Synthetic Fuels (https://www.agora-energiewende.de/en/publications/the-future-cost-of-electricity-based-synthetic-fuels-1/), section 6.3.2.1.",,,PyPSA,6.1818,"resources/walloon-model/costs_2040_processed.csv -> 'Fischer-Tropsch'.FOM, set by technology-data (upstream default)"
technology,Synthetic fuel production,Production de carburants liquides par procédé Fischer-Tropsch,Fischer-Tropsch,,FOM,2050,2017,3.0,%/year,"Agora Energiewende (2018): The Future Cost of Electricity-Based Synthetic Fuels (https://www.agora-energiewende.de/en/publications/the-future-cost-of-electricity-based-synthetic-fuels-1/), section 6.3.2.1.",,,PyPSA,6.5778,"resources/walloon-model/costs_2050_processed.csv -> 'Fischer-Tropsch'.FOM, set by technology-data (upstream default)"
technology,Synthetic fuel production,Production de carburants liquides par procédé Fischer-Tropsch,Fischer-Tropsch,,VOM,2030,2020,4.4663,EUR/MWh_FT,"Danish Energy Agency, inputs/data_sheets_for_renewable_fuels.xlsx",102 Hydrogen to Jet:  Variable O&M,,PyPSA,5.6156,"resources/walloon-model/costs_2030_processed.csv -> 'Fischer-Tropsch'.VOM, set by technology-data (upstream default), EUR2020 basis"
technology,Synthetic fuel production,Production de carburants liquides par procédé Fischer-Tropsch,Fischer-Tropsch,,VOM,2040,2020,3.4029,EUR/MWh_FT,"Danish Energy Agency, inputs/data_sheets_for_renewable_fuels.xlsx",102 Hydrogen to Jet:  Variable O&M,,PyPSA,4.2786,"resources/walloon-model/costs_2040_processed.csv -> 'Fischer-Tropsch'.VOM, set by technology-data (upstream default), EUR2020 basis"
technology,Synthetic fuel production,Production de carburants liquides par procédé Fischer-Tropsch,Fischer-Tropsch,,VOM,2050,,2.2331,EUR/MWh_FT,Danish Energy Agency technology catalog,,,PyPSA,2.8078,"resources/walloon-model/costs_2050_processed.csv -> 'Fischer-Tropsch'.VOM, set by technology-data (upstream default), EUR2020 basis"
technology,Synthetic fuel production,Production de carburants liquides par procédé Fischer-Tropsch,Fischer-Tropsch,,VOM,2050,2020,2.2331,EUR/MWh_FT,"Danish Energy Agency, inputs/data_sheets_for_renewable_fuels.xlsx",102 Hydrogen to Jet:  Variable O&M,,PyPSA,2.8078,"resources/walloon-model/costs_2050_processed.csv -> 'Fischer-Tropsch'.VOM, set by technology-data (upstream default), EUR2020 basis"
technology,Synthetic fuel production,Production de carburants liquides par procédé Fischer-Tropsch,Fischer-Tropsch,,efficiency,2030,2017,0.799,per unit,"Agora Energiewende (2018): The Future Cost of Electricity-Based Synthetic Fuels (https://www.agora-energiewende.de/en/publications/the-future-cost-of-electricity-based-synthetic-fuels-1/), section 6.3.2.2.",,,PyPSA,0.704,"resources/walloon-model/costs_2030_processed.csv -> 'Fischer-Tropsch'.efficiency, set by technology-data (upstream default)"
technology,Synthetic fuel production,Production de carburants liquides par procédé Fischer-Tropsch,Fischer-Tropsch,,efficiency,2040,2017,0.799,per unit,"Agora Energiewende (2018): The Future Cost of Electricity-Based Synthetic Fuels (https://www.agora-energiewende.de/en/publications/the-future-cost-of-electricity-based-synthetic-fuels-1/), section 6.3.2.2.",,,PyPSA,0.734,"resources/walloon-model/costs_2040_processed.csv -> 'Fischer-Tropsch'.efficiency, set by technology-data (upstream default)"
technology,Synthetic fuel production,Production de carburants liquides par procédé Fischer-Tropsch,Fischer-Tropsch,,efficiency,2050,2017,0.799,per unit,"Agora Energiewende (2018): The Future Cost of Electricity-Based Synthetic Fuels (https://www.agora-energiewende.de/en/publications/the-future-cost-of-electricity-based-synthetic-fuels-1/), section 6.3.2.2.",,,PyPSA,0.754,"resources/walloon-model/costs_2050_processed.csv -> 'Fischer-Tropsch'.efficiency, set by technology-data (upstream default)"
technology,Synthetic fuel production,Production de carburants liquides par procédé Fischer-Tropsch,Fischer-Tropsch,,investment,2030,2017,703726.4462,EUR/MW_FT,"Agora Energiewende (2018): The Future Cost of Electricity-Based Synthetic Fuels (https://www.agora-energiewende.de/en/publications/the-future-cost-of-electricity-based-synthetic-fuels-1/), table 8: “Reference scenario”.","Well developed technology, no significant learning expected.",,PyPSA,2.13928e+06,"resources/walloon-model/costs_2030_processed.csv -> 'Fischer-Tropsch'.investment, set by technology-data (upstream default), EUR2020 basis"
technology,Synthetic fuel production,Production de carburants liquides par procédé Fischer-Tropsch,Fischer-Tropsch,,investment,2040,2017,611732.6641,EUR/MW_FT,"Agora Energiewende (2018): The Future Cost of Electricity-Based Synthetic Fuels (https://www.agora-energiewende.de/en/publications/the-future-cost-of-electricity-based-synthetic-fuels-1/), table 8: “Reference scenario”.","Well developed technology, no significant learning expected.",,PyPSA,1.47075e+06,"resources/walloon-model/costs_2040_processed.csv -> 'Fischer-Tropsch'.investment, set by technology-data (upstream default), EUR2020 basis"
technology,Synthetic fuel production,Production de carburants liquides par procédé Fischer-Tropsch,Fischer-Tropsch,,investment,2050,2017,519738.882,EUR/MW_FT,"Agora Energiewende (2018): The Future Cost of Electricity-Based Synthetic Fuels (https://www.agora-energiewende.de/en/publications/the-future-cost-of-electricity-based-synthetic-fuels-1/), table 8: “Reference scenario”.","Well developed technology, no significant learning expected.",,PyPSA,1.20334e+06,"resources/walloon-model/costs_2050_processed.csv -> 'Fischer-Tropsch'.investment, set by technology-data (upstream default), EUR2020 basis"
technology,Synthetic fuel production,Production de carburants liquides par procédé Fischer-Tropsch,Fischer-Tropsch,,lifetime,2030,2017,20.0,years,"Danish Energy Agency, Technology Data for Renewable Fuels (04/2022), Data sheet “Methanol to Power”.",,,PyPSA,25,"resources/walloon-model/costs_2030_processed.csv -> 'Fischer-Tropsch'.lifetime, set by technology-data (upstream default)"
technology,Synthetic fuel production,Production de carburants liquides par procédé Fischer-Tropsch,Fischer-Tropsch,,lifetime,2040,2017,20.0,years,"Danish Energy Agency, Technology Data for Renewable Fuels (04/2022), Data sheet “Methanol to Power”.",,,PyPSA,25,"resources/walloon-model/costs_2040_processed.csv -> 'Fischer-Tropsch'.lifetime, set by technology-data (upstream default)"
technology,Synthetic fuel production,Production de carburants liquides par procédé Fischer-Tropsch,Fischer-Tropsch,,lifetime,2050,2017,20.0,years,"Danish Energy Agency, Technology Data for Renewable Fuels (04/2022), Data sheet “Methanol to Power”.",,,PyPSA,25,"resources/walloon-model/costs_2050_processed.csv -> 'Fischer-Tropsch'.lifetime, set by technology-data (upstream default)"
technology,Synthetic fuel production,Production de méthane de synthèse (e-méthane),e-methane,,investment,2030,,380.0,EUR/kW_CH4,"STOREandGO, February 2020, Innovative large-scale energy storage technologies and power-to-gas concepts after optimisation, Final Report 5.9","P. 63, installation de 50 MW",,PyPSA,856.443,"resources/walloon-model/costs_2030_processed.csv -> 'methanation'.investment, set by technology-data (upstream default), EUR2017 basis"
technology,Synthetic fuel production,Production de méthane de synthèse (e-méthane),e-methane,,investment,2040,,266.436781609,EUR/kW_CH4,"STOREandGO, February 2020, Innovative large-scale energy storage technologies and power-to-gas concepts after optimisation, Final Report 5.9","P. 63, installation de 50 MW",,PyPSA,755.608,"resources/walloon-model/costs_2040_processed.csv -> 'methanation'.investment, set by technology-data (upstream default), EUR2017 basis"
technology,Synthetic fuel production,Production de méthane de synthèse (e-méthane),e-methane,,investment,2050,,152.873563218,EUR/kW_CH4,"STOREandGO, February 2020, Innovative large-scale energy storage technologies and power-to-gas concepts after optimisation, Final Report 5.9","P. 63, installation de 50 MW",,PyPSA,654.773,"resources/walloon-model/costs_2050_processed.csv -> 'methanation'.investment, set by technology-data (upstream default), EUR2017 basis"
technology,Ammonia production,Production d’ammoniac par procédé Haber-Bosch,Haber-Bosch,,FOM,2030,,3.0,%/year,Danish Energy Agency technology catalog,,,PyPSA,3,"resources/walloon-model/costs_2030_processed.csv -> 'Haber-Bosch'.FOM, set by technology-data (upstream default)"
technology,Ammonia production,Production d’ammoniac par procédé Haber-Bosch,Haber-Bosch,,FOM,2040,,3.0,%/year,Danish Energy Agency technology catalog,,,PyPSA,3,"resources/walloon-model/costs_2040_processed.csv -> 'Haber-Bosch'.FOM, set by technology-data (upstream default)"
technology,Ammonia production,Production d’ammoniac par procédé Haber-Bosch,Haber-Bosch,,FOM,2050,,3.0,%/year,Danish Energy Agency technology catalog,,,PyPSA,3,"resources/walloon-model/costs_2050_processed.csv -> 'Haber-Bosch'.FOM, set by technology-data (upstream default)"
technology,Ammonia production,Production d’ammoniac par procédé Haber-Bosch,Haber-Bosch,,VOM,2030,,0.0225,EUR/kW_NH3,Danish Energy Agency technology catalog,,,PyPSA,0.0284,"resources/walloon-model/costs_2030_processed.csv -> 'Haber-Bosch'.VOM, set by technology-data (upstream default), EUR2015 basis"
technology,Ammonia production,Production d’ammoniac par procédé Haber-Bosch,Haber-Bosch,,VOM,2040,,0.0225,EUR/kW_NH3,Danish Energy Agency technology catalog,,,PyPSA,0.0284,"resources/walloon-model/costs_2040_processed.csv -> 'Haber-Bosch'.VOM, set by technology-data (upstream default), EUR2015 basis"
technology,Ammonia production,Production d’ammoniac par procédé Haber-Bosch,Haber-Bosch,,VOM,2050,,0.0225,EUR/kW_NH3,Danish Energy Agency technology catalog,,,PyPSA,0.0284,"resources/walloon-model/costs_2050_processed.csv -> 'Haber-Bosch'.VOM, set by technology-data (upstream default), EUR2015 basis"
technology,Ammonia production,Production d’ammoniac par procédé Haber-Bosch,Haber-Bosch,,investment,2030,,1460.0135,EUR/MW_NH3,Danish Energy Agency technology catalog,,,PyPSA,1.84299e+06,"resources/walloon-model/costs_2030_processed.csv -> 'Haber-Bosch'.investment, set by technology-data (upstream default), EUR2015 basis"
technology,Ammonia production,Production d’ammoniac par procédé Haber-Bosch,Haber-Bosch,,investment,2040,,1194.148,EUR/MW_NH3,Danish Energy Agency technology catalog,,,PyPSA,1.50738e+06,"resources/walloon-model/costs_2040_processed.csv -> 'Haber-Bosch'.investment, set by technology-data (upstream default), EUR2015 basis"
technology,Ammonia production,Production d’ammoniac par procédé Haber-Bosch,Haber-Bosch,,investment,2050,,915.4941,EUR/MW_NH3,Danish Energy Agency technology catalog,,,PyPSA,1.15564e+06,"resources/walloon-model/costs_2050_processed.csv -> 'Haber-Bosch'.investment, set by technology-data (upstream default), EUR2015 basis"
technology,Ammonia production,Production d’ammoniac par procédé Haber-Bosch,Haber-Bosch,,lifetime,2030,,30.0,year,Danish Energy Agency technology catalog,,,PyPSA,30,"resources/walloon-model/costs_2030_processed.csv -> 'Haber-Bosch'.lifetime, set by technology-data (upstream default)"
technology,Ammonia production,Production d’ammoniac par procédé Haber-Bosch,Haber-Bosch,,lifetime,2040,,30.0,year,Danish Energy Agency technology catalog,,,PyPSA,30,"resources/walloon-model/costs_2040_processed.csv -> 'Haber-Bosch'.lifetime, set by technology-data (upstream default)"
technology,Ammonia production,Production d’ammoniac par procédé Haber-Bosch,Haber-Bosch,,lifetime,2050,,30.0,year,Danish Energy Agency technology catalog,,,PyPSA,30,"resources/walloon-model/costs_2050_processed.csv -> 'Haber-Bosch'.lifetime, set by technology-data (upstream default)"
technology,Hydrogen production,Production d’hydrogène par reformage du méthane avec captage de CO₂ (SMR-CC),SMR CC,SGASH2RCC01,FOM,2030,2015,5.0,%/year,Danish Energy Agency,"Technology data for renewable fuels, in pdf on table 3 p.311",,PyPSA,5,"resources/walloon-model/costs_2030_processed.csv -> 'SMR CC'.FOM, set by technology-data (upstream default)"
technology,Hydrogen production,Production d’hydrogène par reformage du méthane avec captage de CO₂ (SMR-CC),SMR CC,SGASH2RCC01,FOM,2040,2015,5.0,%/year,Danish Energy Agency,"Technology data for renewable fuels, in pdf on table 3 p.311",,PyPSA,5,"resources/walloon-model/costs_2040_processed.csv -> 'SMR CC'.FOM, set by technology-data (upstream default)"
technology,Hydrogen production,Production d’hydrogène par reformage du méthane avec captage de CO₂ (SMR-CC),SMR CC,SGASH2RCC01,FOM,2050,2015,5.0,%/year,Danish Energy Agency,"Technology data for renewable fuels, in pdf on table 3 p.311",,PyPSA,5,"resources/walloon-model/costs_2050_processed.csv -> 'SMR CC'.FOM, set by technology-data (upstream default)"
technology,Hydrogen production,Production d’hydrogène par reformage du méthane avec captage de CO₂ (SMR-CC),SMR CC,SGASH2RCC01,efficiency,2030,,0.69,per unit (in LHV),"IEA Global average levelised cost of hydrogen production by energy source and technology, 2019 and 2050 (2020), https://www.iea.org/data-and-statistics/charts/global-average-levelised-cost-of-hydrogen-production-by-energy-source-and-technology-2019-and-2050",,,PyPSA,0.69,"resources/walloon-model/costs_2030_processed.csv -> 'SMR CC'.efficiency, set by technology-data (upstream default)"
technology,Hydrogen production,Production d’hydrogène par reformage du méthane avec captage de CO₂ (SMR-CC),SMR CC,SGASH2RCC01,efficiency,2040,,0.69,per unit (in LHV),"IEA Global average levelised cost of hydrogen production by energy source and technology, 2019 and 2050 (2020), https://www.iea.org/data-and-statistics/charts/global-average-levelised-cost-of-hydrogen-production-by-energy-source-and-technology-2019-and-2050",,,PyPSA,0.69,"resources/walloon-model/costs_2040_processed.csv -> 'SMR CC'.efficiency, set by technology-data (upstream default)"
technology,Hydrogen production,Production d’hydrogène par reformage du méthane avec captage de CO₂ (SMR-CC),SMR CC,SGASH2RCC01,efficiency,2050,,0.69,per unit (in LHV),"IEA Global average levelised cost of hydrogen production by energy source and technology, 2019 and 2050 (2020), https://www.iea.org/data-and-statistics/charts/global-average-levelised-cost-of-hydrogen-production-by-energy-source-and-technology-2019-and-2050",,,PyPSA,0.69,"resources/walloon-model/costs_2050_processed.csv -> 'SMR CC'.efficiency, set by technology-data (upstream default)"
technology,Hydrogen production,Production d’hydrogène par reformage du méthane avec captage de CO₂ (SMR-CC),SMR CC,SGASH2RCC01,investment,2030,2015,605753.2171,EUR/MW_CH4,Danish Energy Agency,"Technology data for renewable fuels, in pdf on table 3 p.311",,PyPSA,764648,"resources/walloon-model/costs_2030_processed.csv -> 'SMR CC'.investment, set by technology-data (upstream default), EUR2015 basis"
technology,Hydrogen production,Production d’hydrogène par reformage du méthane avec captage de CO₂ (SMR-CC),SMR CC,SGASH2RCC01,investment,2040,2015,605753.2171,EUR/MW_CH4,Danish Energy Agency,"Technology data for renewable fuels, in pdf on table 3 p.311",,PyPSA,764648,"resources/walloon-model/costs_2040_processed.csv -> 'SMR CC'.investment, set by technology-data (upstream default), EUR2015 basis"
technology,Hydrogen production,Production d’hydrogène par reformage du méthane avec captage de CO₂ (SMR-CC),SMR CC,SGASH2RCC01,investment,2050,2015,605753.2171,EUR/MW_CH4,Danish Energy Agency,"Technology data for renewable fuels, in pdf on table 3 p.311",,PyPSA,764648,"resources/walloon-model/costs_2050_processed.csv -> 'SMR CC'.investment, set by technology-data (upstream default), EUR2015 basis"
technology,Hydrogen production,Production d’hydrogène par reformage du méthane avec captage de CO₂ (SMR-CC),SMR CC,SGASH2RCC01,lifetime,2030,,30.0,years,"IEA Global average levelised cost of hydrogen production by energy source and technology, 2019 and 2050 (2020), https://www.iea.org/data-and-statistics/charts/global-average-levelised-cost-of-hydrogen-production-by-energy-source-and-technology-2019-and-2050",,,PyPSA,20,"resources/walloon-model/costs_2030_processed.csv -> 'SMR CC'.lifetime, set by data/walloon/custom_costs_rc.csv"
technology,Hydrogen production,Production d’hydrogène par reformage du méthane avec captage de CO₂ (SMR-CC),SMR CC,SGASH2RCC01,lifetime,2040,,30.0,years,"IEA Global average levelised cost of hydrogen production by energy source and technology, 2019 and 2050 (2020), https://www.iea.org/data-and-statistics/charts/global-average-levelised-cost-of-hydrogen-production-by-energy-source-and-technology-2019-and-2050",,,PyPSA,20,"resources/walloon-model/costs_2040_processed.csv -> 'SMR CC'.lifetime, set by data/walloon/custom_costs_rc.csv"
technology,Hydrogen production,Production d’hydrogène par reformage du méthane avec captage de CO₂ (SMR-CC),SMR CC,SGASH2RCC01,lifetime,2050,,30.0,years,"IEA Global average levelised cost of hydrogen production by energy source and technology, 2019 and 2050 (2020), https://www.iea.org/data-and-statistics/charts/global-average-levelised-cost-of-hydrogen-production-by-energy-source-and-technology-2019-and-2050",,,PyPSA,20,"resources/walloon-model/costs_2050_processed.csv -> 'SMR CC'.lifetime, set by data/walloon/custom_costs_rc.csv"
technology,Hydrogen production,Production d’hydrogène par électrolyse,electrolysis,,FOM,2030,,4.0,%/year,Danish Energy Agency technology catalog,Based on projects completed for the Danish Energy Agency by Ramboll.,Assuming 100 MW capacity plant,PyPSA,4,"resources/walloon-model/costs_2030_processed.csv -> 'electrolysis'.FOM, set by technology-data (upstream default)"
technology,Hydrogen production,Production d’hydrogène par électrolyse,electrolysis,,FOM,2040,,4.0,%/year,Danish Energy Agency technology catalog,Based on projects completed for the Danish Energy Agency by Ramboll.,Assuming 100 MW capacity plant,PyPSA,4,"resources/walloon-model/costs_2040_processed.csv -> 'electrolysis'.FOM, set by technology-data (upstream default)"
technology,Hydrogen production,Production d’hydrogène par électrolyse,electrolysis,,FOM,2050,,4.0,%/year,Danish Energy Agency technology catalog,Based on projects completed for the Danish Energy Agency by Ramboll.,Assuming 100 MW capacity plant,PyPSA,4,"resources/walloon-model/costs_2050_processed.csv -> 'electrolysis'.FOM, set by technology-data (upstream default)"
technology,Hydrogen production,Production d’hydrogène par électrolyse,electrolysis,,efficiency,2030,,0.6217,,Danish Energy Agency technology catalog,Based on projects completed for the Danish Energy Agency by Ramboll.,Assuming 100 MW capacity plant,PyPSA,0.6217,"resources/walloon-model/costs_2030_processed.csv -> 'electrolysis'.efficiency, set by technology-data (upstream default)"
technology,Hydrogen production,Production d’hydrogène par électrolyse,electrolysis,,efficiency,2040,,0.6532,,Danish Energy Agency technology catalog,Based on projects completed for the Danish Energy Agency by Ramboll.,Assuming 100 MW capacity plant,PyPSA,0.6532,"resources/walloon-model/costs_2040_processed.csv -> 'electrolysis'.efficiency, set by technology-data (upstream default)"
technology,Hydrogen production,Production d’hydrogène par électrolyse,electrolysis,,efficiency,2050,,0.6994,,Danish Energy Agency technology catalog,Based on projects completed for the Danish Energy Agency by Ramboll.,Assuming 100 MW capacity plant,PyPSA,0.6994,"resources/walloon-model/costs_2050_processed.csv -> 'electrolysis'.efficiency, set by technology-data (upstream default)"
technology,Hydrogen production,Production d’hydrogène par électrolyse,electrolysis,,investment,2030,,1500.0,EUR/kW_e,International Energy Agency,"https://iea.blob.core.windows.net/assets/9e0c82d4-06d2-496b-9542-f184ba803645/TheRoleofE-fuelsinDecarbonisingTransport.pdf,  page 33",,PyPSA,1886,"resources/walloon-model/costs_2030_processed.csv -> 'electrolysis'.investment, set by technology-data (upstream default), EUR2020 basis"
technology,Hydrogen production,Production d’hydrogène par électrolyse,electrolysis,,investment,2040,,1200.0,EUR/kW_e,International Energy Agency,"https://iea.blob.core.windows.net/assets/9e0c82d4-06d2-496b-9542-f184ba803645/TheRoleofE-fuelsinDecarbonisingTransport.pdf,  page 33",,PyPSA,1508.8,"resources/walloon-model/costs_2040_processed.csv -> 'electrolysis'.investment, set by technology-data (upstream default), EUR2020 basis"
technology,Hydrogen production,Production d’hydrogène par électrolyse,electrolysis,,investment,2050,,1000.0,EUR/kW_e,International Energy Agency,"https://iea.blob.core.windows.net/assets/9e0c82d4-06d2-496b-9542-f184ba803645/TheRoleofE-fuelsinDecarbonisingTransport.pdf,  page 33",,PyPSA,1257.33,"resources/walloon-model/costs_2050_processed.csv -> 'electrolysis'.investment, set by technology-data (upstream default), EUR2020 basis"
technology,Hydrogen production,Production d’hydrogène par électrolyse,electrolysis,,lifetime,2030,,25.0,year,Danish Energy Agency technology catalog,Based on projects completed for the Danish Energy Agency by Ramboll.,Assuming 100 MW capacity plant,PyPSA,40,"resources/walloon-model/costs_2030_processed.csv -> 'electrolysis'.lifetime, set by data/walloon/custom_costs_rc.csv"
technology,Hydrogen production,Production d’hydrogène par électrolyse,electrolysis,,lifetime,2040,,25.0,year,Danish Energy Agency technology catalog,Based on projects completed for the Danish Energy Agency by Ramboll.,Assuming 100 MW capacity plant,PyPSA,40,"resources/walloon-model/costs_2040_processed.csv -> 'electrolysis'.lifetime, set by data/walloon/custom_costs_rc.csv"
technology,Hydrogen production,Production d’hydrogène par électrolyse,electrolysis,,lifetime,2050,,25.0,year,Danish Energy Agency technology catalog,Based on projects completed for the Danish Energy Agency by Ramboll.,Assuming 100 MW capacity plant,PyPSA,40,"resources/walloon-model/costs_2050_processed.csv -> 'electrolysis'.lifetime, set by data/walloon/custom_costs_rc.csv"
technology,Biomethane production,Purification du biogas,biogas upgrading,,investment,2030,2020,244.0,EUR/kW_biogas,Valbiom,,,Revue de littérature,244,"resources/walloon-model/costs_2030_processed.csv -> 'biogas upgrading'.investment, set by data/walloon/custom_costs_rc.csv, EUR2020 basis"
technology,Biomethane production,Purification du biogas,biogas upgrading,,investment,2040,2020,244.0,EUR/kW_biogas,Valbiom,,,Revue de littérature,244,"resources/walloon-model/costs_2040_processed.csv -> 'biogas upgrading'.investment, set by data/walloon/custom_costs_rc.csv, EUR2020 basis"
technology,Biomethane production,Purification du biogas,biogas upgrading,,investment,2050,2020,244.0,EUR/kW_biogas,Valbiom,,,Revue de littérature,244,"resources/walloon-model/costs_2050_processed.csv -> 'biogas upgrading'.investment, set by data/walloon/custom_costs_rc.csv, EUR2020 basis"
technology,Electricity production,Reacteur nucléaire de génération avancée,Nuclear (advanced),,FOM,2030,,1.27,%/year,"Lazard's levelized cost of energy analysis - version 16.0 (2023): https://www.lazard.com/media/typdgxmm/lazards-lcoeplus-april-2023.pdf , pg. 49 (Levelized Cost of Energy - Key Assumptions), accessed: 2023-12-14.",,,PyPSA,1.27,"resources/walloon-model/costs_2030_processed.csv -> 'nuclear'.FOM, set by technology-data (upstream default)"
technology,Electricity production,Reacteur nucléaire de génération avancée,Nuclear (advanced),,FOM,2040,,1.27,%/year,"Lazard's levelized cost of energy analysis - version 16.0 (2023): https://www.lazard.com/media/typdgxmm/lazards-lcoeplus-april-2023.pdf , pg. 49 (Levelized Cost of Energy - Key Assumptions), accessed: 2023-12-14.",,,PyPSA,1.27,"resources/walloon-model/costs_2040_processed.csv -> 'nuclear'.FOM, set by technology-data (upstream default)"
technology,Electricity production,Reacteur nucléaire de génération avancée,Nuclear (advanced),,FOM,2050,,1.27,%/year,"Lazard's levelized cost of energy analysis - version 16.0 (2023): https://www.lazard.com/media/typdgxmm/lazards-lcoeplus-april-2023.pdf , pg. 49 (Levelized Cost of Energy - Key Assumptions), accessed: 2023-12-14.",,,PyPSA,1.27,"resources/walloon-model/costs_2050_processed.csv -> 'nuclear'.FOM, set by technology-data (upstream default)"
technology,Electricity production,Reacteur nucléaire de génération avancée,Nuclear (advanced),,VOM,2030,,3.5464,EUR/MWh_e,,,,PyPSA,4.459,"resources/walloon-model/costs_2030_processed.csv -> 'nuclear'.VOM, set by technology-data (upstream default), EUR2023 basis"
technology,Electricity production,Reacteur nucléaire de génération avancée,Nuclear (advanced),,VOM,2040,,3.5464,EUR/MWh_e,"Lazard's levelized cost of energy analysis - version 16.0 (2023): https://www.lazard.com/media/typdgxmm/lazards-lcoeplus-april-2023.pdf , pg. 49 (Levelized Cost of Energy - Key Assumptions), accessed: 2023-12-14.",,,PyPSA,4.459,"resources/walloon-model/costs_2040_processed.csv -> 'nuclear'.VOM, set by technology-data (upstream default), EUR2023 basis"
technology,Electricity production,Reacteur nucléaire de génération avancée,Nuclear (advanced),,VOM,2050,,3.5464,EUR/MWh_e,"Lazard's levelized cost of energy analysis - version 16.0 (2023): https://www.lazard.com/media/typdgxmm/lazards-lcoeplus-april-2023.pdf , pg. 49 (Levelized Cost of Energy - Key Assumptions), accessed: 2023-12-14.",,,PyPSA,4.459,"resources/walloon-model/costs_2050_processed.csv -> 'nuclear'.VOM, set by technology-data (upstream default), EUR2023 basis"
technology,Electricity production,Reacteur nucléaire de génération avancée,Nuclear (advanced),,efficiency,2030,,0.326,,"Lazard's levelized cost of energy analysis - version 16.0 (2023): https://www.lazard.com/media/typdgxmm/lazards-lcoeplus-april-2023.pdf , pg. 49 (Levelized Cost of Energy - Key Assumptions), accessed: 2023-12-14.",,,PyPSA,0.326,"resources/walloon-model/costs_2030_processed.csv -> 'nuclear'.efficiency, set by technology-data (upstream default)"
technology,Electricity production,Reacteur nucléaire de génération avancée,Nuclear (advanced),,efficiency,2040,,0.326,,"Lazard's levelized cost of energy analysis - version 16.0 (2023): https://www.lazard.com/media/typdgxmm/lazards-lcoeplus-april-2023.pdf , pg. 49 (Levelized Cost of Energy - Key Assumptions), accessed: 2023-12-14.",,,PyPSA,0.326,"resources/walloon-model/costs_2040_processed.csv -> 'nuclear'.efficiency, set by technology-data (upstream default)"
technology,Electricity production,Reacteur nucléaire de génération avancée,Nuclear (advanced),,efficiency,2050,,0.326,,"Lazard's levelized cost of energy analysis - version 16.0 (2023): https://www.lazard.com/media/typdgxmm/lazards-lcoeplus-april-2023.pdf , pg. 49 (Levelized Cost of Energy - Key Assumptions), accessed: 2023-12-14.",,,PyPSA,0.326,"resources/walloon-model/costs_2050_processed.csv -> 'nuclear'.efficiency, set by technology-data (upstream default)"
technology,Electricity production,Reacteur nucléaire de génération avancée,Nuclear (advanced),,investment,2030,,9500.0,EUR/kW_e,"Mecatech, Forum du nucléaire, IEA",,La fourchette est entre 4000 et 15000€/kWe. La valeur indiquée correspond au point milieu de cet intervalle. Une valeur finale sera validée avec les parties prenantes consultées,Revue de littérature,9500,"resources/walloon-model/costs_2030_processed.csv -> 'nuclear'.investment, set by data/walloon/custom_costs_rc.csv, EUR2023 basis"
technology,Electricity production,Reacteur nucléaire de génération avancée,Nuclear (advanced),,investment,2040,,9500.0,EUR/kW_e,"Mecatech, Forum du nucléaire, IEA",,,Revue de littérature,9500,"resources/walloon-model/costs_2040_processed.csv -> 'nuclear'.investment, set by data/walloon/custom_costs_rc.csv, EUR2023 basis"
technology,Electricity production,Reacteur nucléaire de génération avancée,Nuclear (advanced),,investment,2050,,9500.0,EUR/kW_e,"Mecatech, Forum du nucléaire, IEA",,,Revue de littérature,9500,"resources/walloon-model/costs_2050_processed.csv -> 'nuclear'.investment, set by data/walloon/custom_costs_rc.csv, EUR2023 basis"
technology,Electricity production,Reacteur nucléaire de génération avancée,Nuclear (advanced),,lifetime,2030,,40.0,year,"Lazard's levelized cost of energy analysis - version 16.0 (2023): https://www.lazard.com/media/typdgxmm/lazards-lcoeplus-april-2023.pdf , pg. 49 (Levelized Cost of Energy - Key Assumptions), accessed: 2023-12-14.",,,PyPSA,60,"resources/walloon-model/costs_2030_processed.csv -> 'nuclear'.lifetime, set by data/walloon/custom_costs_rc.csv"
technology,Electricity production,Reacteur nucléaire de génération avancée,Nuclear (advanced),,lifetime,2040,,40.0,year,"Lazard's levelized cost of energy analysis - version 16.0 (2023): https://www.lazard.com/media/typdgxmm/lazards-lcoeplus-april-2023.pdf , pg. 49 (Levelized Cost of Energy - Key Assumptions), accessed: 2023-12-14.",,,PyPSA,60,"resources/walloon-model/costs_2040_processed.csv -> 'nuclear'.lifetime, set by data/walloon/custom_costs_rc.csv"
technology,Electricity production,Reacteur nucléaire de génération avancée,Nuclear (advanced),,lifetime,2050,,40.0,year,"Lazard's levelized cost of energy analysis - version 16.0 (2023): https://www.lazard.com/media/typdgxmm/lazards-lcoeplus-april-2023.pdf , pg. 49 (Levelized Cost of Energy - Key Assumptions), accessed: 2023-12-14.",,,PyPSA,60,"resources/walloon-model/costs_2050_processed.csv -> 'nuclear'.lifetime, set by data/walloon/custom_costs_rc.csv"
technology,Flexibility,"Restitution au réseau (Vehicle-to-grid, V2G)",,,bool,2030,,,,PyPSA-Eur (config par défaut),v2g — Allows feed-in to grid from EV battery. Only enabled if BEV DSM is enabled; the share of vehicles participating in V2G is given by bev_dsm_availability.,,PyPSA,true,config/config.default.yaml: sector: v2g
technology,Distribution grid approximation,Réseau de distribution électrique,Eletricity distribution grid,,FOM,2030,,2.0,%/year,Based on industry expertise and discussions between OET and Ensys,,,PyPSA,2,"resources/walloon-model/costs_2030_processed.csv -> 'electricity distribution grid'.FOM, set by technology-data (upstream default)"
technology,Distribution grid approximation,Réseau de distribution électrique,Eletricity distribution grid,,FOM,2040,,2.0,%/year,Based on industry expertise and discussions between OET and Ensys,,,PyPSA,2,"resources/walloon-model/costs_2040_processed.csv -> 'electricity distribution grid'.FOM, set by technology-data (upstream default)"
technology,Distribution grid approximation,Réseau de distribution électrique,Eletricity distribution grid,,FOM,2050,,2.0,%/year,Based on industry expertise and discussions between OET and Ensys,,,PyPSA,2,"resources/walloon-model/costs_2050_processed.csv -> 'electricity distribution grid'.FOM, set by technology-data (upstream default)"
technology,Distribution grid approximation,Réseau de distribution électrique,Eletricity distribution grid,,investment,2030,,529.1108,EUR/kW,Based on industry expertise and discussions between OET and Ensys,,,PyPSA,667.902,"resources/walloon-model/costs_2030_processed.csv -> 'electricity distribution grid'.investment, set by technology-data (upstream default), EUR2015 basis"
technology,Distribution grid approximation,Réseau de distribution électrique,Eletricity distribution grid,,investment,2040,,529.1108,EUR/kW,Based on industry expertise and discussions between OET and Ensys,,,PyPSA,667.902,"resources/walloon-model/costs_2040_processed.csv -> 'electricity distribution grid'.investment, set by technology-data (upstream default), EUR2015 basis"
technology,Distribution grid approximation,Réseau de distribution électrique,Eletricity distribution grid,,investment,2050,,529.1108,EUR/kW,Based on industry expertise and discussions between OET and Ensys,,,PyPSA,667.902,"resources/walloon-model/costs_2050_processed.csv -> 'electricity distribution grid'.investment, set by technology-data (upstream default), EUR2015 basis"
technology,Distribution grid approximation,Réseau de distribution électrique,Eletricity distribution grid,,lifetime,2030,,40.0,year,Based on industry expertise and discussions between OET and Ensys,,,PyPSA,40,"resources/walloon-model/costs_2030_processed.csv -> 'electricity distribution grid'.lifetime, set by technology-data (upstream default)"
technology,Distribution grid approximation,Réseau de distribution électrique,Eletricity distribution grid,,lifetime,2040,,40.0,year,Based on industry expertise and discussions between OET and Ensys,,,PyPSA,40,"resources/walloon-model/costs_2040_processed.csv -> 'electricity distribution grid'.lifetime, set by technology-data (upstream default)"
technology,Distribution grid approximation,Réseau de distribution électrique,Eletricity distribution grid,,lifetime,2050,,40.0,year,Based on industry expertise and discussions between OET and Ensys,,,PyPSA,40,"resources/walloon-model/costs_2050_processed.csv -> 'electricity distribution grid'.lifetime, set by technology-data (upstream default)"
technology,RES grid connection,Station de raccordement offshore AC (courant alternatif),offwind-ac-station,,investment,2030,,264.5554,EUR/kW_e,Danish Energy Agency technology catalog,Assumption,,PyPSA,850,"resources/walloon-model/costs_2030_processed.csv -> 'offwind-ac-station'.investment, set by technology-data (upstream default), EUR2025 basis"
technology,RES grid connection,Station de raccordement offshore AC (courant alternatif),offwind-ac-station,,investment,2040,,264.5554,EUR/kW_e,Danish Energy Agency technology catalog,Assumption,,PyPSA,780,"resources/walloon-model/costs_2040_processed.csv -> 'offwind-ac-station'.investment, set by technology-data (upstream default), EUR2025 basis"
technology,RES grid connection,Station de raccordement offshore AC (courant alternatif),offwind-ac-station,,investment,2050,,264.5554,EUR/kW_e,Danish Energy Agency technology catalog,Assumption,,PyPSA,710,"resources/walloon-model/costs_2050_processed.csv -> 'offwind-ac-station'.investment, set by technology-data (upstream default), EUR2025 basis"
technology,RES grid connection,Station de raccordement offshore DC (courant continu),offwind-dc-station,,investment,2030,,423.2887,EUR/kW_e,Haertel 2017; assuming one onshore and one offshore node + 13% learning reduction,,,PyPSA,1070,"resources/walloon-model/costs_2030_processed.csv -> 'offwind-dc-station'.investment, set by technology-data (upstream default), EUR2025 basis"
technology,RES grid connection,Station de raccordement offshore DC (courant continu),offwind-dc-station,,investment,2040,,423.2887,EUR/kW_e,Haertel 2017; assuming one onshore and one offshore node + 13% learning reduction,,,PyPSA,980,"resources/walloon-model/costs_2040_processed.csv -> 'offwind-dc-station'.investment, set by technology-data (upstream default), EUR2025 basis"
technology,RES grid connection,Station de raccordement offshore DC (courant continu),offwind-dc-station,,investment,2050,,423.2887,EUR/kW_e,Haertel 2017; assuming one onshore and one offshore node + 13% learning reduction,,,PyPSA,900,"resources/walloon-model/costs_2050_processed.csv -> 'offwind-dc-station'.investment, set by technology-data (upstream default), EUR2025 basis"
technology,Flexibility,Stockage thermique collectif (TES),central water tank storage,,50% discharge time,2030,2020,375.06520241,days,Danish Energy Agency technology catalog,,,PyPSA,375.065,"resources/walloon-model/costs_2030_processed.csv -> 'central water tank storage'.standing_losses, set by technology-data (upstream default) = 0.0077 %/h, i.e. a 50% discharge time of 375.065 days"
technology,Flexibility,Stockage thermique collectif (TES),central water tank storage,,50% discharge time,2040,2020,375.06520241,days,Danish Energy Agency technology catalog,,,PyPSA,375.065,"resources/walloon-model/costs_2040_processed.csv -> 'central water tank storage'.standing_losses, set by technology-data (upstream default) = 0.0077 %/h, i.e. a 50% discharge time of 375.065 days"
technology,Flexibility,Stockage thermique collectif (TES),central water tank storage,,50% discharge time,2050,2020,375.06520241,days,Danish Energy Agency technology catalog,,,PyPSA,375.065,"resources/walloon-model/costs_2050_processed.csv -> 'central water tank storage'.standing_losses, set by technology-data (upstream default) = 0.0077 %/h, i.e. a 50% discharge time of 375.065 days"
technology,Flexibility,Stockage thermique collectif (TES),central water tank storage,,FOM,2030,2015,1.0,%/year,From old PyPSA cost assumptions,,,PyPSA,1,"resources/walloon-model/costs_2030_processed.csv -> 'central water tank storage'.FOM, set by technology-data (upstream default)"
technology,Flexibility,Stockage thermique collectif (TES),central water tank storage,,FOM,2040,2015,1.0,%/year,From old PyPSA cost assumptions,,,PyPSA,1,"resources/walloon-model/costs_2040_processed.csv -> 'central water tank storage'.FOM, set by technology-data (upstream default)"
technology,Flexibility,Stockage thermique collectif (TES),central water tank storage,,FOM,2050,2015,1.0,%/year,From old PyPSA cost assumptions,,,PyPSA,1,"resources/walloon-model/costs_2050_processed.csv -> 'central water tank storage'.FOM, set by technology-data (upstream default)"
technology,Flexibility,Stockage thermique collectif (TES),central water tank storage,,investment,2030,2020,3036.1,EUR/MWh,Danish Energy Agency technology catalog,,,PyPSA,3817.4,"resources/walloon-model/costs_2030_processed.csv -> 'central water tank storage'.investment, set by technology-data (upstream default), EUR2020 basis"
technology,Flexibility,Stockage thermique collectif (TES),central water tank storage,,investment,2040,2020,3036.1,EUR/MWh,Danish Energy Agency technology catalog,,,PyPSA,3817.4,"resources/walloon-model/costs_2040_processed.csv -> 'central water tank storage'.investment, set by technology-data (upstream default), EUR2020 basis"
technology,Flexibility,Stockage thermique collectif (TES),central water tank storage,,investment,2050,2020,3036.1,EUR/MWh,Danish Energy Agency technology catalog,,,PyPSA,3817.4,"resources/walloon-model/costs_2050_processed.csv -> 'central water tank storage'.investment, set by technology-data (upstream default), EUR2020 basis"
technology,Flexibility,Stockage thermique collectif (TES),central water tank storage,,lifetime,2030,2020,40.0,years,Danish Energy Agency technology catalog,,,PyPSA,40,"resources/walloon-model/costs_2030_processed.csv -> 'central water tank storage'.lifetime, set by technology-data (upstream default)"
technology,Flexibility,Stockage thermique collectif (TES),central water tank storage,,lifetime,2040,2020,40.0,years,Danish Energy Agency technology catalog,,,PyPSA,40,"resources/walloon-model/costs_2040_processed.csv -> 'central water tank storage'.lifetime, set by technology-data (upstream default)"
technology,Flexibility,Stockage thermique collectif (TES),central water tank storage,,lifetime,2050,2020,30.0,years,Danish Energy Agency technology catalog,,,PyPSA,40,"resources/walloon-model/costs_2050_processed.csv -> 'central water tank storage'.lifetime, set by technology-data (upstream default)"
technology,Flexibility,Stockage thermique individuel (TES),decentral water tank storage,,50% discharge time,2030,2020,1.36080038,days,Danish Energy Agency technology catalog,,,PyPSA,1.3608,"resources/walloon-model/costs_2030_processed.csv -> 'decentral water tank storage'.standing_losses, set by technology-data (upstream default) = 2.1 %/h, i.e. a 50% discharge time of 1.3608 days"
technology,Flexibility,Stockage thermique individuel (TES),decentral water tank storage,,50% discharge time,2040,2020,1.36080038,days,Danish Energy Agency technology catalog,,,PyPSA,1.3608,"resources/walloon-model/costs_2040_processed.csv -> 'decentral water tank storage'.standing_losses, set by technology-data (upstream default) = 2.1 %/h, i.e. a 50% discharge time of 1.3608 days"
technology,Flexibility,Stockage thermique individuel (TES),decentral water tank storage,,50% discharge time,2050,2020,1.36080038,days,Danish Energy Agency technology catalog,,,PyPSA,1.3608,"resources/walloon-model/costs_2050_processed.csv -> 'decentral water tank storage'.standing_losses, set by technology-data (upstream default) = 2.1 %/h, i.e. a 50% discharge time of 1.3608 days"
technology,Flexibility,Stockage thermique individuel (TES),decentral water tank storage,,FOM,2030,2015,1.0,%/year,From old PyPSA cost assumptions,,,PyPSA,1,"resources/walloon-model/costs_2030_processed.csv -> 'decentral water tank storage'.FOM, set by technology-data (upstream default)"
technology,Flexibility,Stockage thermique individuel (TES),decentral water tank storage,,FOM,2040,2015,1.0,%/year,From old PyPSA cost assumptions,,,PyPSA,1,"resources/walloon-model/costs_2040_processed.csv -> 'decentral water tank storage'.FOM, set by technology-data (upstream default)"
technology,Flexibility,Stockage thermique individuel (TES),decentral water tank storage,,FOM,2050,2015,1.0,%/year,From old PyPSA cost assumptions,,,PyPSA,1,"resources/walloon-model/costs_2050_processed.csv -> 'decentral water tank storage'.FOM, set by technology-data (upstream default)"
technology,Flexibility,Stockage thermique individuel (TES),decentral water tank storage,,VOM,2030,2020,1.0241,EUR/MWh,Danish Energy Agency technology catalog,,,PyPSA,1.2876,"resources/walloon-model/costs_2030_processed.csv -> 'decentral water tank storage'.VOM, set by technology-data (upstream default), EUR2020 basis"
technology,Flexibility,Stockage thermique individuel (TES),decentral water tank storage,,VOM,2040,2020,1.2289,EUR/MWh,Danish Energy Agency technology catalog,,,PyPSA,1.5451,"resources/walloon-model/costs_2040_processed.csv -> 'decentral water tank storage'.VOM, set by technology-data (upstream default), EUR2020 basis"
technology,Flexibility,Stockage thermique individuel (TES),decentral water tank storage,,VOM,2050,2020,1.2289,EUR/MWh,Danish Energy Agency technology catalog,,,PyPSA,1.5451,"resources/walloon-model/costs_2050_processed.csv -> 'decentral water tank storage'.VOM, set by technology-data (upstream default), EUR2020 basis"
technology,Flexibility,Stockage thermique individuel (TES),decentral water tank storage,,investment,2030,2020,419862.2,EUR/MWh,Danish Energy Agency technology catalog,,,PyPSA,527907,"resources/walloon-model/costs_2030_processed.csv -> 'decentral water tank storage'.investment, set by technology-data (upstream default), EUR2020 basis"
technology,Flexibility,Stockage thermique individuel (TES),decentral water tank storage,,investment,2040,2020,419862.2,EUR/MWh,Danish Energy Agency technology catalog,,,PyPSA,527907,"resources/walloon-model/costs_2040_processed.csv -> 'decentral water tank storage'.investment, set by technology-data (upstream default), EUR2020 basis"
technology,Flexibility,Stockage thermique individuel (TES),decentral water tank storage,,investment,2050,2020,419862.2,EUR/MWh,Danish Energy Agency technology catalog,,,PyPSA,527907,"resources/walloon-model/costs_2050_processed.csv -> 'decentral water tank storage'.investment, set by technology-data (upstream default), EUR2020 basis"
technology,Flexibility,Stockage thermique individuel (TES),decentral water tank storage,,lifetime,2030,2020,40.0,years,Danish Energy Agency technology catalog,,,PyPSA,30,"resources/walloon-model/costs_2030_processed.csv -> 'decentral water tank storage'.lifetime, set by technology-data (upstream default)"
technology,Flexibility,Stockage thermique individuel (TES),decentral water tank storage,,lifetime,2040,2020,40.0,years,Danish Energy Agency technology catalog,,,PyPSA,30,"resources/walloon-model/costs_2040_processed.csv -> 'decentral water tank storage'.lifetime, set by technology-data (upstream default)"
technology,Flexibility,Stockage thermique individuel (TES),decentral water tank storage,,lifetime,2050,2020,30.0,years,Danish Energy Agency technology catalog,,,PyPSA,30,"resources/walloon-model/costs_2050_processed.csv -> 'decentral water tank storage'.lifetime, set by technology-data (upstream default)"
technology,Flexibility,Stockage thermique saisonnier,central water pit storage,,50% discharge time,2030,2020,370.25648903,days,Danish Energy Agency technology catalog,,,PyPSA,370.256,"resources/walloon-model/costs_2030_processed.csv -> 'central water pit storage'.standing_losses, set by technology-data (upstream default) = 0.0078 %/h, i.e. a 50% discharge time of 370.256 days"
technology,Flexibility,Stockage thermique saisonnier,central water pit storage,,50% discharge time,2040,2020,370.25648903,days,Danish Energy Agency technology catalog,,,PyPSA,370.256,"resources/walloon-model/costs_2040_processed.csv -> 'central water pit storage'.standing_losses, set by technology-data (upstream default) = 0.0078 %/h, i.e. a 50% discharge time of 370.256 days"
technology,Flexibility,Stockage thermique saisonnier,central water pit storage,,50% discharge time,2050,2020,370.25648903,days,Danish Energy Agency technology catalog,,,PyPSA,370.256,"resources/walloon-model/costs_2050_processed.csv -> 'central water pit storage'.standing_losses, set by technology-data (upstream default) = 0.0078 %/h, i.e. a 50% discharge time of 370.256 days"
technology,Flexibility,Stockage thermique saisonnier,central water pit storage,,FOM,2030,2020,0.2354,%/year,Danish Energy Agency technology catalog,,,PyPSA,0.2354,"resources/walloon-model/costs_2030_processed.csv -> 'central water pit storage'.FOM, set by technology-data (upstream default)"
technology,Flexibility,Stockage thermique saisonnier,central water pit storage,,FOM,2040,2020,0.2544,%/year,Danish Energy Agency technology catalog,,,PyPSA,0.2544,"resources/walloon-model/costs_2040_processed.csv -> 'central water pit storage'.FOM, set by technology-data (upstream default)"
technology,Flexibility,Stockage thermique saisonnier,central water pit storage,,FOM,2050,2020,0.2544,%/year,Danish Energy Agency technology catalog,,,PyPSA,0.2769,"resources/walloon-model/costs_2050_processed.csv -> 'central water pit storage'.FOM, set by technology-data (upstream default)"
technology,Flexibility,Stockage thermique saisonnier,central water pit storage,,investment,2030,2020,1062.2,EUR/MWh,Danish Energy Agency technology catalog,,,PyPSA,1335.6,"resources/walloon-model/costs_2030_processed.csv -> 'central water pit storage'.investment, set by technology-data (upstream default), EUR2020 basis"
technology,Flexibility,Stockage thermique saisonnier,central water pit storage,,investment,2040,2020,982.6,EUR/MWh,Danish Energy Agency technology catalog,,,PyPSA,1235.4,"resources/walloon-model/costs_2040_processed.csv -> 'central water pit storage'.investment, set by technology-data (upstream default), EUR2020 basis"
technology,Flexibility,Stockage thermique saisonnier,central water pit storage,,investment,2050,2020,982.6,EUR/MWh,Danish Energy Agency technology catalog,,,PyPSA,1135.2,"resources/walloon-model/costs_2050_processed.csv -> 'central water pit storage'.investment, set by technology-data (upstream default), EUR2020 basis"
technology,Flexibility,Stockage thermique saisonnier,central water pit storage,,lifetime,2030,2020,30.0,years,Danish Energy Agency technology catalog,,,PyPSA,30,"resources/walloon-model/costs_2030_processed.csv -> 'central water pit storage'.lifetime, set by technology-data (upstream default)"
technology,Flexibility,Stockage thermique saisonnier,central water pit storage,,lifetime,2040,2020,30.0,years,Danish Energy Agency technology catalog,,,PyPSA,30,"resources/walloon-model/costs_2040_processed.csv -> 'central water pit storage'.lifetime, set by technology-data (upstream default)"
technology,Flexibility,Stockage thermique saisonnier,central water pit storage,,lifetime,2050,2020,30.0,years,Danish Energy Agency technology catalog,,,PyPSA,30,"resources/walloon-model/costs_2050_processed.csv -> 'central water pit storage'.lifetime, set by technology-data (upstream default)"
technology,Electricity storage,Système de stockage par batteries (centralisé),Battery storage (utility),,investment,2030,,151.0028,EUR/kWh_e,Danish Energy Agency technology catalog,Based on Samsung brochure SDI for grid-connected LIBs from 2016 and 2018. Cost adjusted for EUR (2020). Excludes inverters,Assuming utility scale,PyPSA,189.861,"resources/walloon-model/costs_2030_processed.csv -> 'battery storage'.investment, set by technology-data (upstream default), EUR2020 basis"
technology,Electricity storage,Système de stockage par batteries (centralisé),Battery storage (utility),,investment,2040,,99.9596,EUR/kWh_e,Danish Energy Agency technology catalog,Based on Samsung brochure SDI for grid-connected LIBs from 2016 and 2018. Cost adjusted for EUR (2020). Excludes inverters,Assuming utility scale,PyPSA,125.683,"resources/walloon-model/costs_2040_processed.csv -> 'battery storage'.investment, set by technology-data (upstream default), EUR2020 basis"
technology,Electricity storage,Système de stockage par batteries (centralisé),Battery storage (utility),,investment,2050,,79.755,EUR/kWh_e,Danish Energy Agency technology catalog,Based on Samsung brochure SDI for grid-connected LIBs from 2016 and 2018. Cost adjusted for EUR (2020). Excludes inverters,Assuming utility scale,PyPSA,100.279,"resources/walloon-model/costs_2050_processed.csv -> 'battery storage'.investment, set by technology-data (upstream default), EUR2020 basis"
technology,Electricity storage,Système de stockage par batteries (centralisé),Battery storage (utility),,lifetime,2030,,25.0,year,Danish Energy Agency technology catalog,Based on Samsung brochure SDI for grid-connected LIBs from 2016 and 2018. Cost adjusted for EUR (2020). Excludes inverters,Assuming utility scale,PyPSA,10,"resources/walloon-model/costs_2030_processed.csv -> 'battery storage'.lifetime, set by data/walloon/custom_costs_rc.csv"
technology,Electricity storage,Système de stockage par batteries (centralisé),Battery storage (utility),,lifetime,2040,,30.0,year,Danish Energy Agency technology catalog,Based on Samsung brochure SDI for grid-connected LIBs from 2016 and 2018. Cost adjusted for EUR (2020). Excludes inverters,Assuming utility scale,PyPSA,10,"resources/walloon-model/costs_2040_processed.csv -> 'battery storage'.lifetime, set by data/walloon/custom_costs_rc.csv"
technology,Electricity storage,Système de stockage par batteries (centralisé),Battery storage (utility),,lifetime,2050,,30.0,year,Danish Energy Agency technology catalog,Based on Samsung brochure SDI for grid-connected LIBs from 2016 and 2018. Cost adjusted for EUR (2020). Excludes inverters,Assuming utility scale,PyPSA,10,"resources/walloon-model/costs_2050_processed.csv -> 'battery storage'.lifetime, set by data/walloon/custom_costs_rc.csv"
technology,Carbon Capture,Séquestration du CO₂,carbon sequestration,,investment,2030,,,EUR/tCO2,,,,PyPSA,30,"config/config.default.yaml: sector: co2_sequestration_cost (EUR/tCO2, applied as capital_cost of the co2 sequestered store)"
technology,Carbon Capture,Séquestration du CO₂,carbon sequestration,,investment,2040,,,EUR/tCO2,,,,PyPSA,30,"config/config.default.yaml: sector: co2_sequestration_cost (EUR/tCO2, applied as capital_cost of the co2 sequestered store)"
technology,Carbon Capture,Séquestration du CO₂,carbon sequestration,,investment,2050,,,EUR/tCO2,,,,PyPSA,30,"config/config.default.yaml: sector: co2_sequestration_cost (EUR/tCO2, applied as capital_cost of the co2 sequestered store)"
technology,Carbon Capture,Séquestration du CO₂,carbon sequestration,,potential,2030,,,tCO2/year,,,,PyPSA,20,config/config.walloon.yaml: sector: co2_sequestration_potential -> 2030 (MtCO2/a)
technology,Carbon Capture,Séquestration du CO₂,carbon sequestration,,potential,2040,,,tCO2/year,,,,PyPSA,90,config/config.walloon.yaml: sector: co2_sequestration_potential -> 2040 (MtCO2/a)
technology,Carbon Capture,Séquestration du CO₂,carbon sequestration,,potential,2050,,,tCO2/year,,,,PyPSA,125,config/config.walloon.yaml: sector: co2_sequestration_potential -> 2050 (MtCO2/a)
energy_price,,Taux d’actualisation,Discount rate,,discount_rate,2030,,0.04,per unit,Palzer thesis,Assumption,,PyPSA,0.07,config/config.default.yaml: costs: fill_values: discount rate (WACC used to annualise every technology unless technology-data gives its own; config/config.default.yaml: costs: social_discountrate = 0.02 is the social rate used for myopic foresight)
energy_price,,Taux d’actualisation,Discount rate,,discount_rate,2040,,0.04,per unit,Palzer thesis,Assumption,,PyPSA,0.07,config/config.default.yaml: costs: fill_values: discount rate (WACC used to annualise every technology unless technology-data gives its own; config/config.default.yaml: costs: social_discountrate = 0.02 is the social rate used for myopic foresight)
energy_price,,Taux d’actualisation,Discount rate,,discount_rate,2050,,0.04,per unit,Palzer thesis,Assumption,,PyPSA,0.07,config/config.default.yaml: costs: fill_values: discount rate (WACC used to annualise every technology unless technology-data gives its own; config/config.default.yaml: costs: social_discountrate = 0.02 is the social rate used for myopic foresight)
demand_driver,Commercial,"cuisine, réfrigération, autres",,,,,,,PJ,BFP et STATBEL,Basé sur l'évolution de l'emploi de l'ensemble du secteur tertaire,,TIMES,,not a pypsa-wal input: activity drivers stay inside TIMES; pypsa-wal receives the resulting final-energy demands through the soft-link (resources/<run>/wallon_demands_<year>.csv)
technology,biomethanation,production de biogaz,biogas,,,,,,,,,,PyPSA,,
technology,Biomethane production,production de biogaz,biogas,,investment,2030,2020,1231.0,EUR/kW_biogas,Valbiom,,,Revue de littérature,1231,"resources/walloon-model/costs_2030_processed.csv -> 'biogas'.investment, set by data/walloon/custom_costs_rc.csv, EUR2020 basis"
technology,Biomethane production,production de biogaz,biogas,,investment,2040,2020,1231.0,EUR/kW_biogas,Valbiom,,,Revue de littérature,1231,"resources/walloon-model/costs_2040_processed.csv -> 'biogas'.investment, set by data/walloon/custom_costs_rc.csv, EUR2020 basis"
technology,Biomethane production,production de biogaz,biogas,,investment,2050,2020,1231.0,EUR/kW_biogas,Valbiom,,,Revue de littérature,1231,"resources/walloon-model/costs_2050_processed.csv -> 'biogas'.investment, set by data/walloon/custom_costs_rc.csv, EUR2020 basis"
demand_driver,Commercial,Éclairage public,,,,,,,PJ,BFP et STATBEL,Basé sur l'évolution de la population,,TIMES,,not a pypsa-wal input: activity drivers stay inside TIMES; pypsa-wal receives the resulting final-energy demands through the soft-link (resources/<run>/wallon_demands_<year>.csv)
demand_driver,Résidentiel,"Éclairage, cuisine, réfrigération, lessive et séchage, autres",,,,,,,PJ,BFP et STATBEL,Basés sur l'évolution des ménages,,TIMES,,not a pypsa-wal input: activity drivers stay inside TIMES; pypsa-wal receives the resulting final-energy demands through the soft-link (resources/<run>/wallon_demands_<year>.csv)
demand_driver,Commercial,Électricité des serveurs (data center),,,,,,,PJ,Analyse de l'évolution des bilans historiques (2010 à 2020) et Jugement d'expert,"Augmentation de 5%/an de 2021 à 2025, de 2,5%/an jusqu'à 2051",,TIMES,,not a pypsa-wal input: activity drivers stay inside TIMES; pypsa-wal receives the resulting final-energy demands through the soft-link (resources/<run>/wallon_demands_<year>.csv)
technology,Electricity production,éolien terrestre,onwind,ERNW_Eolien_Big_E1,FOM,2030,,1.2167,%/year,Danish Energy Agency technology catalog,Assumption,,PyPSA,1.2167,"resources/walloon-model/costs_2030_processed.csv -> 'onwind'.FOM, set by technology-data (upstream default)"
technology,Electricity production,éolien terrestre,onwind,ERNW_Eolien_Big_E1,FOM,2040,,1.1858,%/year,Danish Energy Agency technology catalog,Assumption,,PyPSA,1.1858,"resources/walloon-model/costs_2040_processed.csv -> 'onwind'.FOM, set by technology-data (upstream default)"
technology,Electricity production,éolien terrestre,onwind,ERNW_Eolien_Big_E1,FOM,2050,,1.1775,%/year,Danish Energy Agency technology catalog,Assumption,,PyPSA,1.1775,"resources/walloon-model/costs_2050_processed.csv -> 'onwind'.FOM, set by technology-data (upstream default)"
technology,Electricity production,éolien terrestre,onwind,ERNW_Eolien_Big_E1,VOM,2030,,1.4286,EUR/MWh_e,Danish Energy Agency technology catalog,,,PyPSA,1.8033,"resources/walloon-model/costs_2030_processed.csv -> 'onwind'.VOM, set by technology-data (upstream default), EUR2015 basis"
technology,Electricity production,éolien terrestre,onwind,ERNW_Eolien_Big_E1,VOM,2040,,1.3143,EUR/MWh_e,Danish Energy Agency technology catalog,,,PyPSA,1.6591,"resources/walloon-model/costs_2040_processed.csv -> 'onwind'.VOM, set by technology-data (upstream default), EUR2015 basis"
technology,Electricity production,éolien terrestre,onwind,ERNW_Eolien_Big_E1,VOM,2050,,1.2857,EUR/MWh_e,Danish Energy Agency technology catalog,,,PyPSA,1.623,"resources/walloon-model/costs_2050_processed.csv -> 'onwind'.VOM, set by technology-data (upstream default), EUR2015 basis"
technology,Electricity production,éolien terrestre,onwind,ERNW_Eolien_Big_E1,investment,2030,,1450.0,EUR/kW_e,Edora,,,Revue de littérature,1450,"resources/walloon-model/costs_2030_processed.csv -> 'onwind'.investment, set by data/walloon/custom_costs_rc.csv, EUR2015 basis"
technology,Electricity production,éolien terrestre,onwind,ERNW_Eolien_Big_E1,investment,2040,,1450.0,EUR/kW_e,Edora,,,Revue de littérature,1450,"resources/walloon-model/costs_2040_processed.csv -> 'onwind'.investment, set by data/walloon/custom_costs_rc.csv, EUR2015 basis"
technology,Electricity production,éolien terrestre,onwind,ERNW_Eolien_Big_E1,investment,2050,,1450.0,EUR/kW_e,Edora,,,Revue de littérature,1450,"resources/walloon-model/costs_2050_processed.csv -> 'onwind'.investment, set by data/walloon/custom_costs_rc.csv, EUR2015 basis"
technology,Electricity production,éolien terrestre,onwind,ERNW_Eolien_Big_E1,lifetime,2030,,30.0,year,Danish Energy Agency technology catalog,Assumption,,PyPSA,25,"resources/walloon-model/costs_2030_processed.csv -> 'onwind'.lifetime, set by data/walloon/custom_costs_rc.csv"
technology,Electricity production,éolien terrestre,onwind,ERNW_Eolien_Big_E1,lifetime,2040,,30.0,year,Danish Energy Agency technology catalog,Assumption,,PyPSA,25,"resources/walloon-model/costs_2040_processed.csv -> 'onwind'.lifetime, set by data/walloon/custom_costs_rc.csv"
technology,Electricity production,éolien terrestre,onwind,ERNW_Eolien_Big_E1,lifetime,2050,,30.0,year,Danish Energy Agency technology catalog,Assumption,,PyPSA,25,"resources/walloon-model/costs_2050_processed.csv -> 'onwind'.lifetime, set by data/walloon/custom_costs_rc.csv"
